nombre_canonico,tipo,patron,periodo_desde,periodo_hasta,fuente,nota,testigos
Rosatti,titular,horacio\s+(daniel\s+)?rosatti,,,parser<=27.1 (migrada verbatim),,
Rosenkrantz,titular,carlos\s+fernando\s+rosenkrantz,,,parser<=27.1 (migrada verbatim),,
Lorenzetti,titular,ricardo\s+(luis\s+)?lorenzetti,,,parser<=27.1 (migrada verbatim),,
Maqueda,titular,juan\s+carlos\s+maqueda,,,parser<=27.1 (migrada verbatim),,
Highton de Nolasco,titular,elena\s+(i\.|inés)\s*(highton)?(?:\s+de\s+nolasco)?,,,parser<=27.1 (migrada verbatim),,
García Mansilla,titular,manuel\s+jos[eé]?\s+garc[íi]a[\-\s]+mansilla,,,parser<=27.1 (migrada verbatim),,
Zaffaroni,titular,e\.?\s*ra[úu]l\s+zaffaroni|eugenio\s+ra[úu]l\s+zaffaroni,,,parser<=27.1 (migrada verbatim),,
Petracchi,titular,enrique\s+santiago\s+petracchi|enrique\s+s\.?\s+petracchi,,,parser<=27.1 (migrada verbatim),,
Argibay,titular,carmen\s+m\.?\s*argibay|carmen\s+mar[íi]a\s+argibay,,,parser<=27.1 (migrada verbatim),,
Fayt,titular,carlos\s+s\.?\s*fayt|carlos\s+santiago\s+fayt,,,parser<=27.1 (migrada verbatim),,
Boggiano,titular,antonio\s+boggiano|^boggiano\b|—\s*boggiano\s*—,,,parser<=27.1 (migrada verbatim),,
Belluscio,titular,augusto\s+c[ée]sar\s+belluscio,,,parser<=27.1 (migrada verbatim),,
López,titular,guillermo\s+a\.?\s*f\.?\s*l[óo]pez,,,parser<=27.1 (migrada verbatim),,
Vázquez,titular,adolfo\s+roberto\s+v[áa]zquez,,,parser<=27.1 (migrada verbatim),,
Nazareno,titular,juli[oa]\s+s\.?\s*nazareno,,,parser<=27.1 (migrada verbatim),,
Rodríguez Basavilbaso,conjuez,juan\s+carlos\s+rodr[íi]guez\s+basavilbaso,,,parser<=27.1 (migrada verbatim),,
Otero,conjuez,(?:luis\s+)?c[ée]sar\s+otero,,,parser<=27.1 + ensanche H191 (B153),firma sin 'LUIS' en 329_p1303/329_p1305,
Cavallo,conjuez,gabriel\s+(rub[ée]n|r\.?)\s+cavallo,,,parser<=27.1 (migrada verbatim),,
Borinsky,conjuez,mariano\s+borinsky,,,parser<=27.1 (migrada verbatim),,
Catania,conjuez,alejandro\s+s\.?\s*catania,,,parser<=27.1 (migrada verbatim),,
Gemignani,conjuez,juan\s+carlos\s+gemignani,,,parser<=27.1 (migrada verbatim),,
Petrone,conjuez,daniel\s+a\.?\s*petrone,,,parser<=27.1 (migrada verbatim),,
Ledesma,conjuez,angela\s+e\.?\s*ledesma,,,parser<=27.1 (migrada verbatim),,
Barroetaveña,conjuez,diego\s+g\.?\s*barroetave[ñn]a,,,parser<=27.1 (migrada verbatim),,
Hornos,conjuez,gustavo\s+m\.?\s*hornos,,,parser<=27.1 (migrada verbatim),,
Leal de Ibarra,conjuez,javier\s+(?:mar[íi]al?\s+)?leal\s+de\s+ibarra,,,parser<=27.1 + ensanche H191 (B153),OCR 'MARIAL' (María L.) 329_p5261,
Catucci,conjuez,liliana\s+(catucci|cattucci),,,parser<=27.1 (migrada verbatim),,
Riggi,conjuez,eduardo\s+r\.?\s*riggi,,,parser<=27.1 (migrada verbatim),,
Yacobucci,conjuez,guillermo\s+yacobucci,,,parser<=27.1 (migrada verbatim),,
Figueroa,conjuez,ana\s+mar[íi]a\s+figueroa,,,parser<=27.1 (migrada verbatim),,
Mahiques,conjuez,carlos\s+a\.?\s*mahiques,,,parser<=27.1 (migrada verbatim),,
Najurieta,conjuez,mar[íi]a\s+susana\s+najurieta,,,parser<=27.1 (migrada verbatim),,
Alcalá,conjuez,roc[íi]o\s+alcal[áa],,,parser<=27.1 (migrada verbatim),,
Morán,conjuez,jorge\s+eduardo\s+mor[áa]n\.?,,,parser<=27.1 (migrada verbatim),,
Tyden de Skanata,conjuez,mirta\s+(d\.?|delia)\s+tyden(?:\s+de\s+skanata)?,,,parser<=27.1 (migrada verbatim),,
Poclava Lafuente,conjuez,juan\s+carlos\s+poclava\s+lafuente,,,parser<=27.1 (migrada verbatim),,
Pereyra González,conjuez,carlos\s+(m\.?|mart[íi]n)\s+pereyra\s+gonz[áa]lez,,,parser<=27.1 (migrada verbatim),,
Ferro,conjuez,jorge\s+ferro,,,parser<=27.1 (migrada verbatim),,
Pacilio,conjuez,antonio\s+pacilio,,,parser<=27.1 (migrada verbatim),,
Argañaraz,conjuez,[áa]ngel\s+a\.?\s*arga[ñn]araz,,,parser<=27.1 (migrada verbatim),,
Mill de Pereyra,conjuez,rita\s+(mill|m\.?)\s+de\s+pereyra,,,parser<=27.1 (migrada verbatim),,
García Lema,conjuez,alberto\s+manuel\s+garc[íi]a\s+lema,,,parser<=27.1 (migrada verbatim),,
Rabbi-Baldi Cabanillas,conjuez,luis\s+renato\s+rabbi[\s—-]+baldi\s+cabanillas,,,parser<=27.1 (migrada verbatim),,
Méndez,conjuez,h[ée]ctor\s+(oscar\s+)?m[ée]ndez,,,parser<=27.1 (migrada verbatim),,
Montesi,conjuez,graciela\s+susana\s+montesi,,,parser<=27.1 (migrada verbatim),,
Cossio,conjuez,marina\s+(josefa\s+)?cossio|cossio\s+marina,,,parser<=27.1 (migrada verbatim),,
Pérez Petit,conjuez,arturo\s+p[ée]rez\s+petit,,,parser<=27.1 (migrada verbatim),,
Romano,conjuez,otilio\s+roque\s+romano,,,parser<=27.1 (migrada verbatim),,
Petra Fernández,conjuez,julio\s+demetrio\s+petra\s+fern[áa]ndez,,,parser<=27.1 (migrada verbatim),,
Chausovsky,conjuez,gabriel\s+b\.?\s*chausovsky,,,parser<=27.1 (migrada verbatim),,
Schiffrin,conjuez,leopoldo\s+h\.?\s*schiffrin,,,parser<=27.1 (migrada verbatim),,
Aguilar,conjuez,horacio\s+jos[ée]\s+aguilar,,,parser<=27.1 (migrada verbatim),,
Pérez Tognola,conjuez,victoria\s+patricia\s+p[ée]rez\s+tognola,,,parser<=27.1 (migrada verbatim),,
Corcuera,conjuez,santiago\s+hern[áa]n\s+corcuera,,,parser<=27.1 (migrada verbatim),,
Andalaf Casiello,conjuez,silvina\s+mar[íi]a\s+andalaf(?:\s+casiello)?,,,parser<=27.1 (migrada verbatim),,
Fernández Gómez,conjuez,cintia\s+fern[áa]ndez\s+g[óo]mez,,,parser<=27.1 (migrada verbatim),,
Moliné O'Connor,titular_historico,eduardo\s+molin[eé]\s+o[’'´`]?\s*connor,,,H191 (B153) — adjudicado sobre firma_raw,fallo viejo publicado tardíamente,329_p3568;329_p4178;330_p224;330_p2793
Bossert,titular_historico,gustavo\s+a\.?\s*bossert,,,H191 (B153) — adjudicado sobre firma_raw,fallo viejo publicado tardíamente,329_p4178
Planes,conjuez,ricardo\s+emilio\s+planes,,,H191 (B153) — adjudicado sobre firma_raw,,329_p2897;329_p4426;329_p4446;329_p5382
Prack,conjuez,horacio\s+(enrique\s+|e\.?\s*)prack,,,H191 (B153) — adjudicado sobre firma_raw,,329_p1655;329_p3649;329_p4688;330_p4930
Enderle,conjuez,guillermo\s+j\.?\s*enderle,,,H191 (B153) — adjudicado sobre firma_raw,,329_p2674;329_p3221;329_p3235
Corchuelo de Huberman,conjuez,hebe\s+(l\.?\s+|lilia\s+)?c[ao]rchuelo(?:\s+de(?:\s+huberman)?)?,,,H191 (B153) — adjudicado sobre firma_raw,,329_p3611;329_p3617;329_p3649;329_p4426;329_p4506;329_p4755;330_p3581;330_p4113
Fernández Vecino,conjuez,graciela\s+n\.?\s*fern[áa]ndez\s+vecino,,,H191 (B153) — adjudicado sobre firma_raw,,329_p3221;329_p3235
Rueda,conjuez,luis\s+roberto\s+rueda,,,H191 (B153) — adjudicado sobre firma_raw,,329_p3775;329_p5382
Munné,conjuez,rodolfo\s+e(?:\.|milio)?\s*munn[eé],,,H191 (B153) — adjudicado sobre firma_raw,,329_p342;329_p3611
Recondo,conjuez,(?:ricardo\s+)?gustavo\s+recondo,,,H191 (B153) — adjudicado sobre firma_raw,,329_p342;330_p1436
Arribillaga,conjuez,liliana\s+marta\s+arribillaga,,,H191 (B153) — adjudicado sobre firma_raw,,329_p1012
Uslenghi,conjuez,alejandro\s+juan\s+uslenghi,,,H191 (B153) — adjudicado sobre firma_raw,,329_p2005
Madueño,conjuez,ra[úu]l\s+madue[ñn]o,,,H191 (B153) — adjudicado sobre firma_raw,,329_p3649
Niremperger,conjuez,zunilda\s+niremperger,,,H191 (B153) — adjudicado sobre firma_raw,,329_p4446
"Fernández, Emilio L.",conjuez,emilio\s+l\.?\s*fern[áa]ndez,,,H191 (B153) — adjudicado sobre firma_raw,,329_p4506
"Fernández, María Beatriz",conjuez,mar[íi]a\s+beatriz\s+fern[áa]ndez,,,H191 (B153) — adjudicado sobre firma_raw,,329_p4663
Tazza,conjuez,alejandro\s+o(?:\.|svaldo)?\s*tazza,,,H191 (B153) — adjudicado sobre firma_raw,,329_p5261;346_p1426;347_p1891;348_p61;348_p635
Lugones,conjuez,narciso\s+juan\s+lugones,,,H191 (B153) — adjudicado sobre firma_raw,,330_p1436
