caso,outcome,merit,orig,queja,pe_cambio,pe_viejo_cola,pe_nuevo_300,pe_nuevo_cola
329_p2158,,,,nan->agreguese,si,"ibunal resuelve: Hacer lugar al recurso extraordinario, revo- car la sentencia apelada y admitir la demanda de amparo con el al- 2162 FALLOS DE LA CORTE SUPREMA","Por ello, habiendo tomado adecuada intervención la defensora ofi- cial y promovido el correspondiente juicio de declaración de incapaci- dad, el Tribunal resuelve: Hacer lugar al recurso extraordinario, revo- car la sentencia apelada y admitir la demanda de amparo con el al- cance que surge de los c","entencia apelada y admitir la demanda de amparo con el al- cance que surge de los considerandos precedentes. Con costas (art. 14, ley 16.986). Agréguese la queja al expediente principal. Notifíquese y"
329_p3190,otro->competencia,,,,si,"a presente causa no corresponde a la competencia origi- 3196 FALLOS DE LA CORTE SUPREMA 329 naria de la Corte Suprema de Justicia de la Nación. Notifíquese, co-","Por ello y oído el señor Procurador Fiscal subrogante se resuelve: Declarar que la presente causa no corresponde a la competencia origi- naria de la Corte Suprema de Justicia de la Nación. Notifíquese, co- muníquese al señor Procurador General, agréguense copias de los pro- nunciamientos a los que s","quese al señor Procurador General, agréguense copias de los pro- nunciamientos a los que se remite y del dictamen del Procurador Fis- cal subrogante obrante a fs. 35/36 vta. del incidente sobre medida"
329_p4634,,0->1,,,si,"uto, se declara procedente el recurso extraordinario 4645 DE JUSTICIA DE LA NACION 329 concedido a fs. 1199 de los presentes autos, y se deja sin efecto la sen-","Por ello y de conformidad con lo dictaminado por el señor Procura- dor General sustituto, se declara procedente el recurso extraordinario concedido a fs. 1199 de los presentes autos, y se deja sin efecto la sen- tencia apelada. Notifíquese y devuélvanse los autos al tribunal de ori- gen, a fin de qu","e deja sin efecto la sen- tencia apelada. Notifíquese y devuélvanse los autos al tribunal de ori- gen, a fin de que, por quien corresponda, se dicte un nuevo pronuncia- miento con arreglo al presente."
329_p4986,otro->competencia,,,,si,"l a los que corresponde remitirse en razón de brevedad, se 4988 FALLOS DE LA CORTE SUPREMA 329 declara que deberá continuar entendiendo en la causa en la que se","Por los fundamentos y conclusiones del dictamen del señor Procu- rador Fiscal a los que corresponde remitirse en razón de brevedad, se declara que deberá continuar entendiendo en la causa en la que se originó el presente incidente el Juzgado Federal Nº 1 de San Isidro, Provincia de Buenos Aires, al ","e se originó el presente incidente el Juzgado Federal Nº 1 de San Isidro, Provincia de Buenos Aires, al que se le remitirá. Hágase saber al Juz- gado de Garantías Nº 4 con asiento en la citada ciudad."
329_p5734,,,,nan->procedente,si,"ntencia apelada, con costas. Vuelvan los autos al tribu- 5737 DE JUSTICIA DE LA NACION 329 nal de origen para que, por quien corresponda, se dicte un nuevo pro-","Por ello, se declara procedente el recurso extraordinario y se deja sin efecto la sentencia apelada, con costas. Vuelvan los autos al tribu- nal de origen para que, por quien corresponda, se dicte un nuevo pro- nunciamiento con arreglo a la presente. Agréguese la queja al princi- pal. Notifíquese y ","as. Vuelvan los autos al tribu- nal de origen para que, por quien corresponda, se dicte un nuevo pro- nunciamiento con arreglo a la presente. Agréguese la queja al princi- pal. Notifíquese y remítase."
329_p5737,,,,nan->procedente,si,"ntencia apelada. Con costas. Vuelvan los autos al tribu- 5741 DE JUSTICIA DE LA NACION 329 nal de origen para que, por quien corresponda, se dicte un nuevo pro-","Por ello, se declara procedente el recurso extraordinario y se deja sin efecto la sentencia apelada. Con costas. Vuelvan los autos al tribu- nal de origen para que, por quien corresponda, se dicte un nuevo pro- nunciamiento con arreglo a la presente. Agréguese la queja al princi- pal. Notifíquese y ","as. Vuelvan los autos al tribu- nal de origen para que, por quien corresponda, se dicte un nuevo pro- nunciamiento con arreglo a la presente. Agréguese la queja al princi- pal. Notifíquese y remítase."
329_p743,otro->rechaza,,,,si,el Tribunal resuelve: I) Hacer extensiva la resolución de 751 DE JUSTICIA DE LA NACION 329 fs. 479/483 de los autos principales a Francisco Javier Duque Salazar,"Por todo lo expuesto, oído el señor Procurador Fiscal de la Na- ción, el Tribunal resuelve: I) Hacer extensiva la resolución de fs. 479/483 de los autos principales a Francisco Javier Duque Salazar y rechazar el pedido de extradición solicitado por Estados Unidos de Norteamérica a su respecto; II) H","zar el pedido de extradición solicitado por Estados Unidos de Norteamérica a su respecto; II) Hacer saber al Ministerio de Relacio- nes Exteriores, Comercio Internacional y Culto lo aquí resuelto para"
330_p1525,otro->caducidad,,,,si,"concesión del beneficio de litigar sin gastos, debiendo la parte informar periódicamente al respecto, bajo apercibimiento de 1526 FALLOS DE LA CORTE SUPREMA 330","Por ello, difiérese la consideración de la presente queja hasta tan- to se acredite la concesión del beneficio de litigar sin gastos, debiendo la parte informar periódicamente al respecto, bajo apercibimiento de declarar la caducidad de la instancia. Notifíquese y resérvese en Mesa de Entradas del T","io de litigar sin gastos, debiendo la parte informar periódicamente al respecto, bajo apercibimiento de declarar la caducidad de la instancia. Notifíquese y resérvese en Mesa de Entradas del Tribunal."
330_p1708,mal_concedido->confirma,0->1,,,si,"ia (fs. 1372/1373), se declara parcialmente admisible el recur- 1717 DE JUSTICIA DE LA NACION 330 so extraordinario interpuesto por la parte actora y su letrado","Por ello, se declara mal concedido el recurso extraordinario de la provincia (fs. 1372/1373), se declara parcialmente admisible el recur- so extraordinario interpuesto por la parte actora y su letrado (fs. 1375/1380), y se confirma la sentencia apelada. Las costas de esta instancia se imponen de acu","so extraordinario interpuesto por la parte actora y su letrado (fs. 1375/1380), y se confirma la sentencia apelada. Las costas de esta instancia se imponen de acuerdo con los respectivos vencimientos."
330_p1907,procedente->hace_lugar,0->1,,nan->hace_lugar,si,"te la Corte Suprema de Justicia de la Nación, se hace 1910 FALLOS DE LA CORTE SUPREMA 330 lugar a la queja, se declara procedente el recurso extraordinario y se","Por ello, de conformidad con lo dictaminado por la señora Procura- dora Fiscal ante la Corte Suprema de Justicia de la Nación, se hace lugar a la queja, se declara procedente el recurso extraordinario y se deja sin efecto el pronunciamiento apelado. Con costas (art. 68 del Código Procesal Civil y Co","sin efecto el pronunciamiento apelado. Con costas (art. 68 del Código Procesal Civil y Comercial de la Nación). Vuelvan los autos al tribunal de origen a fin de que, por medio de quien corresponda, se"
330_p2639,otro->procedente,,,,si,"a: (1) mal concedido el recurso ordinario articulado por los actores a fs. 6498, (2) improcedentes los recursos extraordina- 2654 FALLOS DE LA CORTE SUPREMA 330","Por ello, y de conformidad con el dictamen de la señora Procurado- ra Fiscal, se declara: (1) mal concedido el recurso ordinario articulado por los actores a fs. 6498, (2) improcedentes los recursos extraordina- rios de fs. 6571/6602 y 6567/6570, con costas; (3) mal concedido el re- curso ordinario "," fs. 6571/6602 y 6567/6570, con costas; (3) mal concedido el re- curso ordinario interpuesto por la Entidad Binacional Yacyretá. Asi- mismo, se declara procedente el recurso extraordinario interpuesto"
330_p4129,,0->1,,,si,"de caducidad de fs. 95/96, se hace lugar a la queja, se 4134 FALLOS DE LA CORTE SUPREMA 330 declara procedente el recurso extraordinario y se deja sin efecto la","Por ello y lo concordemente dictaminado a fs. 88/89 vta., se deses- tima el planteo de caducidad de fs. 95/96, se hace lugar a la queja, se declara procedente el recurso extraordinario y se deja sin efecto la sentencia apelada, en cuanto ha sido materia de recurso. Con costas.","lanteo de caducidad de fs. 95/96, se hace lugar a la queja, se declara procedente el recurso extraordinario y se deja sin efecto la sentencia apelada, en cuanto ha sido materia de recurso. Con costas."
330_p4721,procedente->hace_lugar,,,,si,"nte la sentencia apelada y se rechaza en igual medida la 4733 DE JUSTICIA DE LA NACION 330 acción de amparo (art. 16, segunda parte, de la ley 48), salvo por el","Por ello, se declara procedente el recurso extraordinario, se revoca parcialmente la sentencia apelada y se rechaza en igual medida la acción de amparo (art. 16, segunda parte, de la ley 48), salvo por el período especificado en el acápite VII del mencionado dictamen –com- prendido entre diciembre d",ecificado en el acápite VII del mencionado dictamen –com- prendido entre diciembre de 2001 y el dictado de la disposición 290/2002 (AFIP)– por el cual se la confirma y se hace lugar a la demanda. Cos-
330_p506,,,,nan->agreguese,si,"al Civil y Comercial de la Nación). Vuelvan los autos al tribunal anterior a efectos de que, según corresponda, dicte un nue- 516 FALLOS DE LA CORTE SUPREMA 330","Por ello, se deja sin efecto la sentencia apelada. Con costas (art. 68 del Código Procesal Civil y Comercial de la Nación). Vuelvan los autos al tribunal anterior a efectos de que, según corresponda, dicte un nue- vo fallo con arreglo al presente. Agréguese la queja al principal según lo previsto a ","gún corresponda, dicte un nue- vo fallo con arreglo al presente. Agréguese la queja al principal según lo previsto a fs. 122, devuélvase el depósito de fs. 1. Notifíquese y, opor- tunamente, remítase."
330_p5201,,,,nan->procedente,si," la sentencia apelada. Vuelvan los autos al tribunal de ori- gen para que, por medio de quien corresponda, proceda a dictar un 5205 DE JUSTICIA DE LA NACION 330","Por ello, se declara procedente el recurso extraordinario, y se deja sin efecto la sentencia apelada. Vuelvan los autos al tribunal de ori- gen para que, por medio de quien corresponda, proceda a dictar un nuevo fallo con arreglo a lo indicado. Costas a la demandada en todas las instancias (art. 14 ","ponda, proceda a dictar un nuevo fallo con arreglo a lo indicado. Costas a la demandada en todas las instancias (art. 14 de la ley 16.986). Agréguese la queja al princi- pal, notifíquese y devuélvase."
331_p1441,hace_lugar->confirma,0->1,,,si,"racchi para intervenir en los autos supra citados; 1448 FALLOS DE LA CORTE SUPREMA 331 2º) hacer lugar a la queja, declarar procedente el recurso extraordinario","Por ello se resuelve: 1º) Aceptar la excusación formulada por el juez  Enrique Santiago Petracchi para intervenir en los autos supra citados; 2º) hacer lugar a la queja, declarar procedente el recurso extraordinario  y confirmar la sentencia apelada, con costas en el orden causado en  razón de la no","la sentencia apelada, con costas en el orden causado en  razón de la novedad de la cuestión debatida (art. 68, ap. segundo, del  Código Procesal Civil y Comercial de la Nación). Notifíquese, agréguese"
331_p2109,,,,nan->procedente,si,"sentencia apelada. Con costas. Vuelvan los autos al tri- bunal de origen a fin de que, por medio de quien corresponda, proceda 2119 DE JUSTICIA DE LA NACION 331","Por ello, se declara procedente el recurso extraordinario y se deja  sin efecto la sentencia apelada. Con costas. Vuelvan los autos al tri- bunal de origen a fin de que, por medio de quien corresponda, proceda a dictar nuevo fallo con arreglo a lo expresado. Agréguese la queja al  principal. Notifíq","van los autos al tri- bunal de origen a fin de que, por medio de quien corresponda, proceda a dictar nuevo fallo con arreglo a lo expresado. Agréguese la queja al  principal. Notifíquese y devuélvase."
331_p2480,,,,nan->procedente,si,"la sentencia apelada. Con costas. Vuelvan los autos al tri- bunal de origen para que, por quien corresponda, se dicte un nuevo 2485 DE JUSTICIA DE LA NACION 331","Por ello, se declara procedente el recurso extraordinario y se deja  sin efecto la sentencia apelada. Con costas. Vuelvan los autos al tri- bunal de origen para que, por quien corresponda, se dicte un nuevo pronunciamiento con arreglo a la presente. Reintégrese el depósito de  fs. 1. Agréguese la qu","unal de origen para que, por quien corresponda, se dicte un nuevo pronunciamiento con arreglo a la presente. Reintégrese el depósito de  fs. 1. Agréguese la queja al principal. Notifíquese y remítase."
331_p287,,0->1,,nan->hace_lugar,si,". 167/167 vta. de los autos principales, se hace lugar 291 DE JUSTICIA DE LA NACION 331 a la queja, se declara admisible el recurso extraordinario y se deja sin","Por ello, y concordemente con lo dictaminado por la señora Procu- radora Fiscal a fs. 167/167 vta. de los autos principales, se hace lugar a la queja, se declara admisible el recurso extraordinario y se deja sin  efecto la sentencia apelada, debiendo volver los autos principales a la  instancia de o","encia apelada, debiendo volver los autos principales a la  instancia de origen para que, por quien corresponda, se dicte un nuevo  pronunciamiento. Reintégrese el depósito de fs. 1. Agréguese la queja"
332_p2776,otro->rechaza,,,,si,"suelve: I. Admitir la radicación de estas actuaciones 2779 DE JUSTICIA DE LA NACION 332 en la instancia originaria de esta Corte, prevista en el artículo 117 de","Por ello, y de conformidad con lo dictaminado por la señora Procu- radora Fiscal, se resuelve: I. Admitir la radicación de estas actuaciones en la instancia originaria de esta Corte, prevista en el artículo 117 de  la Constitución Nacional. II. Rechazar la medida cautelar solicitada."," resuelve: I. Admitir la radicación de estas actuaciones en la instancia originaria de esta Corte, prevista en el artículo 117 de  la Constitución Nacional. II. Rechazar la medida cautelar solicitada."
332_p663,otro->rechaza,,,,si,"Por ello, se resuelve: Aclarar la sentencia dictada a fs. 313/316 en  el sentido indicado en los considerandos que anteceden. Notifíquese.","Por ello, oídas las exposiciones de las partes sobre la situación  denunciada en autos en la audiencia informativa celebrada el 18 de febrero del corriente año, sobre la base de los fundamentos y princi- pios enunciados y, sin perjuicio de lo que en definitiva se decida, se  resuelve: I. Rechazar in","corriente año, sobre la base de los fundamentos y princi- pios enunciados y, sin perjuicio de lo que en definitiva se decida, se  resuelve: I. Rechazar in limine el planteo efectuado en el punto IV de"
333_p633,otro->confirma,0->1,,,si,"e declara admisible el recurso extraordinario y se con- 650 FALLOS DE LA CORTE SUPREMA 333 firma la sentencia apelada. Con costas. Notifíquese y, oportunamente,","Por ello, y lo concordemente dictaminado por la señora Procura- dora Fiscal, se declara admisible el recurso extraordinario y se con- firma la sentencia apelada. Con costas. Notifíquese y, oportunamente,  devuélvase.","oncordemente dictaminado por la señora Procura- dora Fiscal, se declara admisible el recurso extraordinario y se con- firma la sentencia apelada. Con costas. Notifíquese y, oportunamente,  devuélvase."
334_p1768,,,,nan->agreguese,si,ente admisible el recurso extraordinario deducido por la  demandante y se revoca la sentencia apelada. Con costas (art. 68 del 1791 DE JUSTICIA DE LA NACION 334,"Por ello, y habiendo oído a la señora Procuradora Fiscal, se decla- ra formalmente admisible el recurso extraordinario deducido por la  demandante y se revoca la sentencia apelada. Con costas (art. 68 del Código Procesal Civil y Comercial de la Nación). Agréguese la queja  al principal. Notifíquese ",nario deducido por la  demandante y se revoca la sentencia apelada. Con costas (art. 68 del Código Procesal Civil y Comercial de la Nación). Agréguese la queja  al principal. Notifíquese y devuélvase.
334_p38,,0->1,,,si,"ue este Tribunal comparte y a los que cabe remitirse por  razones de brevedad, se hace lugar a la queja, se declara procedente 44 FALLOS DE LA CORTE SUPREMA 334","Por ello, y demás fundamentos expuestos por la señora Procura- dora Fiscal, que este Tribunal comparte y a los que cabe remitirse por  razones de brevedad, se hace lugar a la queja, se declara procedente el recurso extraordinario y se deja sin efecto el fallo, con costas, rein- tégrese el depósito e","raordinario y se deja sin efecto el fallo, con costas, rein- tégrese el depósito efectuado. Vuelvan los autos al tribunal de origen  a fin de que, por quien corresponda, se dicte nuevo pronunciamiento"
334_p829,,0->1,,,si,"eñor Procurador General en M.2230.XL. “Míguez, Juan  José c/ ANSeS y otro”, se hace lugar al recurso extraordinario deducido, 836 FALLOS DE LA CORTE SUPREMA 334","que falleció el beneficiario, señor C. Por ello, y lo concordemente dicta- minado por el señor Procurador General en M.2230.XL. “Míguez, Juan  José c/ ANSeS y otro”, se hace lugar al recurso extraordinario deducido, y se revoca la sentencia apelada con los alcances indicados. Hágase  saber y, oportu","deducido, y se revoca la sentencia apelada con los alcances indicados. Hágase  saber y, oportunamente, devuélvase a fin que, por quien corresponda,  sea dictado un nuevo fallo con arreglo al presente."
337_p1245,otro->competencia,,,,si,"a Fiscal, se resuelve: I. Declarar que la presente causa co- 1251 DE JUSTICIA DE LA NACIÓN 337 rresponde a la competencia originaria de la Corte. II. De acuerdo","Por ello, y de conformidad con lo dictaminado por la señora Pro- curadora Fiscal, se resuelve: I. Declarar que la presente causa co- rresponde a la competencia originaria de la Corte. II. De acuerdo  con lo dispuesto por los artículos 319 y 322 del Código Procesal Civil  y Comercial de la Nación, im","lo dispuesto por los artículos 319 y 322 del Código Procesal Civil  y Comercial de la Nación, imprimir a la presente causa el trámite  del proceso ordinario. En su mérito, correr traslado de la deman-"
338_p623,,,,nan->agreguese,si,cto la decisión apelada. Con costas (art. 68 del Có­ digo Procesal Civil y Comercial de la Nación). Vuelvan los autos al tri­ 338 628 FALLOS DE LA CORTE SUPREMA,"Por ello, se declara formalmente admisible el recurso extraordina­ rio y se deja sin efecto la decisión apelada. Con costas (art. 68 del Có­ digo Procesal Civil y Comercial de la Nación). Vuelvan los autos al tri­ bunal de origen a fin de que, por medio de quien corresponda, proceda  a dictar un nue","a fin de que, por medio de quien corresponda, proceda  a dictar un nuevo fallo con arreglo a lo expresado. Agréguese la queja  al principal. Reintégrese el depósito de fs. 2. Notifíquese y devuélvase."
338_p80,desestima->rechaza,,,,si," de proponer la demanda. Con costas en el orden causado, 338 88 FALLOS DE LA CORTE SUPREMA dado que a la luz del contenido del escrito de demanda concurren cir­","Por ello, se resuelve: Desestimar la excepción de defecto legal en  el modo de proponer la demanda. Con costas en el orden causado, dado que a la luz del contenido del escrito de demanda concurren cir­ cunstancias que justifican objetivamente la introducción por los excep­ cionantes de la defensa qu",ias que justifican objetivamente la introducción por los excep­ cionantes de la defensa que se rechaza. Notifíquese. Oportunamente  vuelvan los autos a fin de resolver las demás cuestiones pendientes.
339_p276,,0->1,,,si,"ogante, se declara procedente la queja, formalmente  admisible el recurso extraordinario y, con el alcance indicado, se revo­ 339 290 FALLOS DE LA CORTE SUPREMA","Por ello, de conformidad con lo dictaminado por el señor Procura­ dor Fiscal subrogante, se declara procedente la queja, formalmente  admisible el recurso extraordinario y, con el alcance indicado, se revo­ ca la sentencia apelada. Con costas. Vuelvan las actuaciones al tribu­ nal de origen a fin de","ia apelada. Con costas. Vuelvan las actuaciones al tribu­ nal de origen a fin de que, por medio de quien corresponda, proceda a  dictar un nuevo fallo con arreglo a lo expresado. Agréguese la queja al"
339_p622,,0->1,,,si,"l, se hace lugar a la queja, se declara procedente el recurso  extraordinario interpuesto por el Estado Nacional (Ministerio de 633 DE JUSTICIA DE LA NACIÓN 339","Por todo ello, y habiendo dictaminado la señora Procuradora  Fiscal, se hace lugar a la queja, se declara procedente el recurso  extraordinario interpuesto por el Estado Nacional (Ministerio de Planificación Federal, Inversión Pública y Servicios) y se revoca la  sentencia apelada a su respecto. Con","cación Federal, Inversión Pública y Servicios) y se revoca la  sentencia apelada a su respecto. Con costas. Reintégrese el depó­ sito de fs. 51. Agréguese la queja al principal. Notifíquese y, oportu­"
340_p1428,hace_lugar->revoca,0->1,,,si,"Nación, el Tribunal resuelve: Hacer lugar a la queja, FALLOS DE LA CORTE SUPREMA 340 1430 declarar procedente el recurso extraordinario deducido y en uso de las","Por ello, y habiendo tomado intervención el señor Defensor Gene- ral adjunto de la Nación, el Tribunal resuelve: Hacer lugar a la queja, declarar procedente el recurso extraordinario deducido y en uso de las  atribuciones conferidas por el art. 16, segunda parte, de la ley 48, re- vocar parcialmente","onferidas por el art. 16, segunda parte, de la ley 48, re- vocar parcialmente la sentencia apelada y disponer que la integración  del haber del beneficio de pensión se efectúe desde el otorgamiento de"
341_p1439,,,,nan->procedente,si,"fecto la  decisión apelada. Con costas. Vuelvan los autos al tribunal de origen a  fin de que, por medio de quien corresponda, proceda a dictar un nue­ 341 1442","Por ello, de declara formalmente admisible la queja, procedente el  recurso extraordinario y, con el alcance indicado, se deja sin efecto la  decisión apelada. Con costas. Vuelvan los autos al tribunal de origen a  fin de que, por medio de quien corresponda, proceda a dictar un nue­ vo pronunciamien","al tribunal de origen a  fin de que, por medio de quien corresponda, proceda a dictar un nue­ vo pronunciamiento con arreglo a lo expresado. Agréguese la queja al  principal. Notifíquese y devuélvase."
342_p1246,,,,nan->abstracta,si,"neral adjunto de la Nación a fs. 64/64 vta., se declara que 1249 DE JUSTICIA DE LA NACIÓN 342 resulta inoficioso un pronunciamiento de esta Corte respecto de la","Por ello, de conformidad con lo dictaminado por el señor De­ fensor General adjunto de la Nación a fs. 64/64 vta., se declara que resulta inoficioso un pronunciamiento de esta Corte respecto de la  queja deducida. Notifíquese y, previa devolución de las actuaciones  principales, archívese.","Nación a fs. 64/64 vta., se declara que resulta inoficioso un pronunciamiento de esta Corte respecto de la  queja deducida. Notifíquese y, previa devolución de las actuaciones  principales, archívese."
342_p681,,,,nan->procedente,si,. Costas por su orden en atención a las particularidades de  la cuestión propuesta (art. 68 in fine del Código Procesal Civil y Co­ 685 DE JUSTICIA DE LA NACIÓN,"Por ello, se declara procedente el recurso extraordinario, se re­ voca el fallo apelado y se confirma la sentencia dictada en primera  instancia. Costas por su orden en atención a las particularidades de  la cuestión propuesta (art. 68 in fine del Código Procesal Civil y Co­ mercial de la Nación). A","nción a las particularidades de  la cuestión propuesta (art. 68 in fine del Código Procesal Civil y Co­ mercial de la Nación). Agréguese la queja al principal. Notifíquese y,  oportunamente, remítase."
342_p867,,,,nan->procedente,si,"a apelada con el alcance indicado. Con costas. Vuel­ van los autos al tribunal de origen a fin de que, por quien corresponda, 342 872 FALLOS DE LA CORTE SUPREMA","Por ello, se declaran procedentes los recursos extraordinarios y se  revoca la sentencia apelada con el alcance indicado. Con costas. Vuel­ van los autos al tribunal de origen a fin de que, por quien corresponda, se dicte un nuevo fallo con arreglo al presente. Notifíquese, agréguen­ se las quejas a","van los autos al tribunal de origen a fin de que, por quien corresponda, se dicte un nuevo fallo con arreglo al presente. Notifíquese, agréguen­ se las quejas al principal y, oportunamente, remítanse."
343_p195,otro->rechaza,,,,si,"rino, se resuelve que el Senado de la Nación tiene todas 233 DE JUSTICIA DE LA NACIÓN 343 las atribuciones constitucionales para interpretar su propio reglamen­","Por ello, y habiendo dictaminado el señor Procurador General de  la Nación interino, se resuelve que el Senado de la Nación tiene todas las atribuciones constitucionales para interpretar su propio reglamen­ to en cuanto a la manera virtual o remota de sesionar, sin recurrir a  la Corte Suprema de Ju","nterpretar su propio reglamen­ to en cuanto a la manera virtual o remota de sesionar, sin recurrir a  la Corte Suprema de Justicia de la Nación; por lo cual se rechaza la  acción incoada. Notifíquese."
343_p726,,,0->1,,si," sin perjuicio de lo que en el fondo se decida, se resuelve: 739 DE JUSTICIA DE LA NACIÓN 343 I. Declarar la competencia del Tribunal para conocer en esta causa","Por ello, de conformidad con lo dictaminado por la señora Procura­ dora Fiscal y sin perjuicio de lo que en el fondo se decida, se resuelve: I. Declarar la competencia del Tribunal para conocer en esta causa  por vía de su instancia originaria, prevista en el art. 117 de la Consti­ tución Nacional.","o que en el fondo se decida, se resuelve: I. Declarar la competencia del Tribunal para conocer en esta causa  por vía de su instancia originaria, prevista en el art. 117 de la Consti­ tución Nacional."
344_p2471,hace_lugar->confirma,0->1,,,si,"s facultades que le otorga el art. 16 de la ley 48, 344 2482 FALLOS DE LA CORTE SUPREMA el Tribunal resuelve: 1°) hacer lugar a las presentaciones directas, de­","Por ello, habiendo tomado intervención el Señor Defensor General  adjunto, y en uso de las facultades que le otorga el art. 16 de la ley 48, el Tribunal resuelve: 1°) hacer lugar a las presentaciones directas, de­ clarar procedentes los recursos extraordinarios interpuestos y dejar  sin efecto el fa",es los recursos extraordinarios interpuestos y dejar  sin efecto el fallo apelado; 2°) confirmar la decisión del juez de primera  instancia del 29 de marzo de 2019 (fs. 1934 del expediente 13.935/2016
344_p2559,,0->1,,nan->hace_lugar,si,"r Procurador General de la Nación interino, se hace lugar 344 2570 FALLOS DE LA CORTE SUPREMA parcialmente a la queja, se declara parcialmente procedente el re­","Por ello, de conformidad en lo pertinente con lo dictaminado por  el señor Procurador General de la Nación interino, se hace lugar parcialmente a la queja, se declara parcialmente procedente el re­ curso extraordinario y se deja sin efecto la sentencia apelada con el  alcance señalado. Agréguese la ","traordinario y se deja sin efecto la sentencia apelada con el  alcance señalado. Agréguese la queja al principal. Vuelvan los autos  al tribunal de origen a fin de que, por medio de quien corresponda,"
344_p3078,revoca->hace_lugar,,,,si,"ención el señor Defensor General adjunto, se declara pro­ 3095 DE JUSTICIA DE LA NACIÓN 344 cedente el recurso extraordinario, se revoca la sentencia apelada y,","Por ello, habiendo dictaminado el señor Procurador Fiscal y to­ mado intervención el señor Defensor General adjunto, se declara pro­ cedente el recurso extraordinario, se revoca la sentencia apelada y,  en los términos señalados, se hace lugar a la demanda de restitución  internacional (art. 16, seg","os señalados, se hace lugar a la demanda de restitución  internacional (art. 16, segunda parte, de la ley 48). Costas por su orden  atento a la naturaleza de la cuestión debatida. Notifíquese. Comuní­"
344_p48,hace_lugar->revoca,0->1,,,si,l pedido de reconsideración solicitado por el Ministe­ rio Público Fiscal y II) Hacer lugar al recurso interpuesto por el Minis­ 57 DE JUSTICIA DE LA NACIÓN 344,"Por ello, oído el señor Procurador Fiscal, el Tribunal resuelve: I)  No hacer lugar al pedido de reconsideración solicitado por el Ministe­ rio Público Fiscal y II) Hacer lugar al recurso interpuesto por el Minis­ terio Público Fiscal y revocar la resolución apelada en cuanto rechazó  el pedido de e","lico Fiscal y revocar la resolución apelada en cuanto rechazó  el pedido de extradición que de Yaakov Kopul Vogel solicitó la Repú­ blica de Francia. Notifíquese, hágase saber y devuélvase al tribunal"
345_p116,,,,nan->agreguese,si," la Nación, se declara procedente esta queja, admisible 123 DE JUSTICIA DE LA NACIÓN 345 el recurso extraordinario y se deja sin efecto el pronunciamiento recu­","Por ello, y habiendo tomado intervención el señor Defensor Gene­ ral adjunto de la Nación, se declara procedente esta queja, admisible el recurso extraordinario y se deja sin efecto el pronunciamiento recu­ rrido. Vuelvan los autos al tribunal de origen a fin de que, por medio  de quien corresponda,","lvan los autos al tribunal de origen a fin de que, por medio  de quien corresponda, proceda a dictar un nuevo pronunciamiento de  acuerdo a lo resuelto. Agréguese la queja al principal. Notifíquese y,"
345_p1417,,,,nan->procedente,si,ces expresados en este pronunciamiento. Con costas (artículo  68 del Código Procesal Civil y Comercial de la Nación). Agréguese la 1421 DE JUSTICIA DE LA NACIÓN,"Por ello, se hace parcialmente lugar a la queja, se declara proce­ dente el recurso extraordinario y se deja sin efecto la sentencia con los  alcances expresados en este pronunciamiento. Con costas (artículo  68 del Código Procesal Civil y Comercial de la Nación). Agréguese la queja al principal y v","digo Procesal Civil y Comercial de la Nación). Agréguese la queja al principal y vuelvan los autos al tribunal de origen a efectos de  que, por quien corresponda, se dicte un nuevo pronunciamiento con"
345_p229,rechaza->revoca,,,,si,"rador General de la Nación interino, el Tribunal resuel­ ve: I) Rechazar el recurso de apelación ordinario interpuesto contra 345 240 FALLOS DE LA CORTE SUPREMA","Por ello, de conformidad en lo pertinente con lo dictaminado por  el señor Procurador General de la Nación interino, el Tribunal resuel­ ve: I) Rechazar el recurso de apelación ordinario interpuesto contra el auto apelado en cuanto declaró procedente la extradición de Ser­ gio Radiuk a la República ",elado en cuanto declaró procedente la extradición de Ser­ gio Radiuk a la República Federativa del Brasil para ser juzgado por  el delito de homicidio y II) revocar el punto II de la parte dispositiva
345_p783,otro->competencia,,,,si,"esuelve: I. Declarar que la presente causa corresponde 345 788 FALLOS DE LA CORTE SUPREMA a la competencia originaria de esta Corte, prevista en el artículo 117","Por ello, de conformidad con lo dictaminado por la señora Procura­ dora Fiscal, se resuelve: I. Declarar que la presente causa corresponde a la competencia originaria de esta Corte, prevista en el artículo 117  de la Constitución Nacional. II. Correr traslado de la demanda inter­ puesta contra la Pr","tución Nacional. II. Correr traslado de la demanda inter­ puesta contra la Provincia de La Pampa, la que se sustanciará por la  vía del proceso ordinario, por el plazo de sesenta días (artículos 338 y"
347_p1259,,0->1,,,si," el Instituto Nacional de Servicios Sociales para Jubila­ dos y Pensionados, se declara procedente el recurso extraordinario 347 1274 FALLOS DE LA CORTE SUPREMA","Por ello, de conformidad con lo dictaminado, se desestima la queja  deducida por el Instituto Nacional de Servicios Sociales para Jubila­ dos y Pensionados, se declara procedente el recurso extraordinario interpuesto por el Sindicato Unido de Trabajadores y Empleados del  PAMI (SUTEPA) y se deja sin","to por el Sindicato Unido de Trabajadores y Empleados del  PAMI (SUTEPA) y se deja sin efecto la sentencia apelada, con el alcan­ ce indicado, con costas (art. 68 del Código Procesal Civil y Comercial"
347_p474,,0->1,,,si,"o de la Nación, se declara procedente la queja, formal­ mente admisible el recurso extraordinario, se deja sin efecto la sen­ 347 490 FALLOS DE LA CORTE SUPREMA","Por ello, habiendo tomado intervención el señor Defensor Ge­ neral Adjunto de la Nación, se declara procedente la queja, formal­ mente admisible el recurso extraordinario, se deja sin efecto la sen­ tencia apelada y, en uso de la facultad prevista en el art. 16 de la ley  48, se mantiene la guarda d","elada y, en uso de la facultad prevista en el art. 16 de la ley  48, se mantiene la guarda de los infantes a favor del matrimonio  G. A. V. - H. E. de M., sin perjuicio de que en la instancia de grado"
347_p684,,,,nan->procedente,si,"rt. 68 del Código  Procesal Civil y Comercial de la Nación). Vuelvan los autos al tribu­ nal de origen a fin de que, por medio de quien corresponda, proceda 687","Por ello, resultando inoficioso que dictamine la Procuración Ge­ neral de la Nación, se declara procedente el recurso extraordinario y  se deja sin efecto la sentencia apelada. Con costas (art. 68 del Código  Procesal Civil y Comercial de la Nación). Vuelvan los autos al tribu­ nal de origen a fin d"," Civil y Comercial de la Nación). Vuelvan los autos al tribu­ nal de origen a fin de que, por medio de quien corresponda, proceda a dictar un nuevo fallo con arreglo a lo expresado. Agréguese la queja"
348_p1352,,0->1,,,si,admisible el recurso extraordinario y se deja sin efec­ to todo lo actuado con posterioridad a la notificación de la sentencia 1357 DE JUSTICIA DE LA NACIÓN 348,"Por ello, y de conformidad con lo dictaminado, se hace lugar a la  queja, se declara admisible el recurso extraordinario y se deja sin efec­ to todo lo actuado con posterioridad a la notificación de la sentencia que denegó el recurso de inaplicabilidad de ley respecto del recurren­ te. Agréguese la ", el recurso de inaplicabilidad de ley respecto del recurren­ te. Agréguese la queja al principal y vuelvan los autos al tribunal de  origen a fin de que se proceda conforme lo decidido en la presente.
348_p1576,otro->competencia,,,,si, se resuelve: Declarar que la presente causa corresponde 1585 DE JUSTICIA DE LA NACIÓN 348 a la competencia originaria del Tribunal. Notifíquese y comuníquese a,"Por ello, de conformidad con lo dictaminado por la señora Procura­ dora Fiscal, se resuelve: Declarar que la presente causa corresponde a la competencia originaria del Tribunal. Notifíquese y comuníquese a  la Procuración General de la Nación."," por la señora Procura­ dora Fiscal, se resuelve: Declarar que la presente causa corresponde a la competencia originaria del Tribunal. Notifíquese y comuníquese a  la Procuración General de la Nación."
348_p1675,otro->competencia,,,,si,larar que la presente causa es ajena a la competencia 348 1682 FALLOS DE LA CORTE SUPREMA originaria de la Corte Suprema de Justicia de la Nación. Notifíquese y,"Por ello, habiendo dictaminado la señora Procuradora Fiscal, se  resuelve: Declarar que la presente causa es ajena a la competencia originaria de la Corte Suprema de Justicia de la Nación. Notifíquese y  comuníquese a la Procuración General de la Nación.","iscal, se  resuelve: Declarar que la presente causa es ajena a la competencia originaria de la Corte Suprema de Justicia de la Nación. Notifíquese y  comuníquese a la Procuración General de la Nación."
348_p355,,0->1,,,si,ra procedente el recurso extraordinario y se revoca la sen­ 371 DE JUSTICIA DE LA NACIÓN 348 tencia apelada. Con costas. Agréguese la presentación directa a los,"Por ello, oída la señora Procuradora Fiscal, se hace lugar a la que­ ja, se declara procedente el recurso extraordinario y se revoca la sen­ tencia apelada. Con costas. Agréguese la presentación directa a los  autos principales y reintégrese el depósito de fs. 70/71. Notifíquese y  devuélvanse los a","ales y reintégrese el depósito de fs. 70/71. Notifíquese y  devuélvanse los autos al tribunal de origen a fin de que, por quien co­ rresponda, se dicte un nuevo pronunciamiento con arreglo a lo expre­"
