caso_id_canonico,source_file,a0,k0_rel,k0_abs,clase,rama,guard_fuente,n_anclas_pre,n_anclas_post,k_propio_rel,span_pre_apertura,wc_primer_span,n_spans,wc_epilogo_total,primera_linea,k_post_rel,clase_post,rama_post,guard_fuente_post,primera_linea_post
329_p94,LibroVol329.1.md,ok,418,3813,rotulo_pie,Profesionales,propia,0,8,1,0,406,3,693,"profesionales, de modo que debe verificarse una inescindible compa-",418,rotulo_pie,Profesionales,propia,"profesionales, de modo que debe verificarse una inescindible compa-"
329_p385,LibroVol329.1.md,ok,551,14956,recurso_narrativo,Recurso,propia,0,1,9,0,431,6,1864,recurso extraordinario federal el fiscal de Estado sostuvo que la deno-,551,recurso_narrativo,Recurso,propia,recurso extraordinario federal el fiscal de Estado sostuvo que la deno-
329_p595,LibroVol329.1.md,ok,806,23238,recurso_narrativo,Recurso,propia,0,2,2,0,420,3,731,recursos provenientes del Fondo Especial de Desarrollo Eléctrico del,806,recurso_narrativo,Recurso,propia,recursos provenientes del Fondo Especial de Desarrollo Eléctrico del
329_p646,LibroVol329.1.md,ok,398,24745,recurso_narrativo,Recurso,propia,0,9,0,0,19,10,2311,recurso extraordinario. Con costas (art. 68 del Código Procesal Civil y,398,recurso_narrativo,Recurso,propia,recurso extraordinario. Con costas (art. 68 del Código Procesal Civil y
329_p695,LibroVol329.1.md,ok,279,26530,recurso_narrativo,Recurso,propia,0,11,1,0,57,8,2201,recurso extraordinario que se encuentra glosado a fs. 281/295 de los,279,recurso_narrativo,Recurso,propia,recurso extraordinario que se encuentra glosado a fs. 281/295 de los
329_p743,LibroVol329.1.md,ok,203,28226,recurso_narrativo,Recurso,propia,0,2,1,0,83,3,824,"recursos ordinarios de apelación interpuestos en causas criminales,",203,recurso_narrativo,Recurso,propia,"recursos ordinarios de apelación interpuestos en causas criminales,"
329_p928,LibroVol329.1.md,ok,181,35227,recurso_narrativo,Recurso,propia,0,6,1,0,330,6,1498,"recurso de reposición. Su rechazo (fs. 380/382), motivó la interposición",181,recurso_narrativo,Recurso,propia,"recurso de reposición. Su rechazo (fs. 380/382), motivó la interposición"
329_p993,LibroVol329.1.md,ok,71,37545,recurso_narrativo,Recurso,propia,0,5,1,0,378,4,702,recursos las limitaciones y exigencias propias del remedio extraordi-,71,recurso_narrativo,Recurso,propia,recursos las limitaciones y exigencias propias del remedio extraordi-
329_p1066,LibroVol329.1.md,ok,618,40810,recurso_narrativo,Recurso,propia,0,5,30,0,273,9,1192,recurso extraordinario mediante la decisión de fs. 291 de esta presen-,618,recurso_narrativo,Recurso,propia,recurso extraordinario mediante la decisión de fs. 291 de esta presen-
329_p1092,LibroVol329.1.md,ok,340,41530,recurso_narrativo,Recurso,propia,0,1,1,0,17,21,6222,recurso extraordinario en cuanto cuestiona la imposición de costas (Disidencia,340,recurso_narrativo,Recurso,propia,recurso extraordinario en cuanto cuestiona la imposición de costas (Disidencia
329_p1191,LibroVol329.1.md,ok,282,45530,recurso_narrativo,Recurso,propia,0,2,1,0,101,4,872,"recurso de inaplicabilidad de ley a fs. 1344/1349, que dio origen al pro-",282,recurso_narrativo,Recurso,propia,"recurso de inaplicabilidad de ley a fs. 1344/1349, que dio origen al pro-"
329_p1447,LibroVol329.2.md,ok,945,3732,recurso_narrativo,Recurso,propia,0,18,1,0,244,5,1201,"recurso de la defensa, la nueva sentencia no podrá ultrapasar el límite",945,recurso_narrativo,Recurso,propia,"recurso de la defensa, la nueva sentencia no podrá ultrapasar el límite"
329_p2005,LibroVol329.2.md,ok,368,24512,recurso_narrativo,Recurso,propia,0,6,1,0,114,10,2537,"recurso extraordinario, concedido a fs. 576.",368,recurso_narrativo,Recurso,propia,"recurso extraordinario, concedido a fs. 576."
329_p2719,LibroVol329.2.md,ok,205,51162,recurso_narrativo,Recurso,propia,0,6,1,0,120,4,706,"recursos, o la imposibilidad de obtenerlos, de quien invoque el benefi-",205,recurso_narrativo,Recurso,propia,"recursos, o la imposibilidad de obtenerlos, de quien invoque el benefi-"
329_p2876,LibroVol329.2.md,ok,253,56951,recurso_narrativo,Recurso,propia,0,1,2,0,150,6,1397,"recursos extraordinarios (fs. 1200/1202 vta. y 1204/1211, respectiva-",253,recurso_narrativo,Recurso,propia,"recursos extraordinarios (fs. 1200/1202 vta. y 1204/1211, respectiva-"
329_p3027,LibroVol329.3.md,ok,169,2583,recurso_narrativo,Recurso,propia,0,6,3,0,518,6,649,recurso extraordinario interpuesto y se deja sin efecto la sentencia,169,recurso_narrativo,Recurso,propia,recurso extraordinario interpuesto y se deja sin efecto la sentencia
329_p3129,LibroVol329.3.md,ok,86,6360,recurso_narrativo,Recurso,propia,0,5,1,0,233,4,722,recurso de casación resulta arbitraria y transgresora de los arts. 18 de,86,recurso_narrativo,Recurso,propia,recurso de casación resulta arbitraria y transgresora de los arts. 18 de
329_p3148,LibroVol329.3.md,ok,290,7272,rotulo_pie,Profesionales,propia,0,1,1,0,228,5,1105,profesionales que actuaron con posterioridad a su vigencia.,290,rotulo_pie,Profesionales,propia,profesionales que actuaron con posterioridad a su vigencia.
329_p3235,LibroVol329.3.md,ok,2999,13233,recurso_narrativo,Recurso,mixta,1,10,1,0,184,32,11314,"recurso planteado por el doctor Alberto Oscar Nicosia, que fue desti-",2999,recurso_narrativo,Recurso,mixta,"recurso planteado por el doctor Alberto Oscar Nicosia, que fue desti-"
329_p3617,LibroVol329.3.md,ok,540,26013,recurso_narrativo,Recurso,propia,0,2,2,0,40,11,1890,"recurso extraordinario, dejar sin efecto la sentencia apelada y, en ejer-",540,recurso_narrativo,Recurso,propia,"recurso extraordinario, dejar sin efecto la sentencia apelada y, en ejer-"
329_p4044,LibroVol329.3.md,ok,199,42218,recurso_narrativo,Recurso,propia,0,1,1,0,350,4,708,"recurso extraordinario federal (fs. 269/281), que fue concedido a",199,recurso_narrativo,Recurso,propia,"recurso extraordinario federal (fs. 269/281), que fue concedido a"
329_p4140,LibroVol329.3.md,ok,184,45826,pie_genuino,Recurso,propia,0,13,4,0,57,4,556,"Recurso extraordinario interpuesto por la Dra. María Fernanda Novillo Quiroga, en representa-",184,pie_genuino,Recurso,propia,"Recurso extraordinario interpuesto por la Dra. María Fernanda Novillo Quiroga, en representa-"
329_p4289,LibroVol329.3.md,ok,520,51637,pie_genuino,Recurso,propia,0,4,0,0,282,4,822,recurso de apelación interpuesto por la concursada y por lo tanto man-,520,pie_genuino,Recurso,propia,recurso de apelación interpuesto por la concursada y por lo tanto man-
329_p4309,LibroVol329.3.md,ok,381,52280,recurso_narrativo,Recurso,propia,0,1,1,0,311,3,739,recursos extraordinarios interpuestos y dejar sin efecto la sentencia,381,recurso_narrativo,Recurso,propia,recursos extraordinarios interpuestos y dejar sin efecto la sentencia
329_p4506,LibroVol329.3.md,ok,327,59584,rotulo_pie,Profesionales,propia,0,6,0,0,361,9,3091,"profesionales intervinientes en las causas, de manera de determinar",327,rotulo_pie,Profesionales,propia,"profesionales intervinientes en las causas, de manera de determinar"
329_p4542,LibroVol329.3.md,ok,402,61032,recurso_narrativo,Recurso,propia,0,1,2,0,291,5,1418,recurso extraordinario parcialmente concedido a fs. 162/162 vta.,402,recurso_narrativo,Recurso,propia,recurso extraordinario parcialmente concedido a fs. 162/162 vta.
329_p4688,LibroVol329.3.md,ok,649,66893,recurso_narrativo,Recurso,propia,0,3,1,0,369,9,1461,"recurso de casación (fs. 832/ 834), y luego decretó la nulidad de la sen-",649,recurso_narrativo,Recurso,propia,"recurso de casación (fs. 832/ 834), y luego decretó la nulidad de la sen-"
329_p5044,LibroVol329.4.md,ok,133,6041,recurso_narrativo,Recurso,propia,0,5,2,0,391,4,1324,"recurso de queja, corresponde que esta Corte se expida en la medida y",133,recurso_narrativo,Recurso,propia,"recurso de queja, corresponde que esta Corte se expida en la medida y"
329_p5266,LibroVol329.4.md,ok,619,14983,recurso_narrativo,Recurso,propia,0,3,5,0,64,29,10498,"recurso extraordinario a fs. 122/137, cuya desestimación a fs. 150/151",619,recurso_narrativo,Recurso,propia,"recurso extraordinario a fs. 122/137, cuya desestimación a fs. 150/151"
329_p5382,LibroVol329.4.md,ok,977,19788,recurso_narrativo,Recurso,propia,0,18,1,0,346,5,1418,recursos previstos en caso de violación de este derecho.,977,recurso_narrativo,Recurso,propia,recursos previstos en caso de violación de este derecho.
329_p5424,LibroVol329.4.md,ok,358,20841,recurso_narrativo,Recurso,propia,0,2,1,0,362,6,1729,recurso extraordinario cuya desestimación dio motivo a la presente,358,recurso_narrativo,Recurso,propia,recurso extraordinario cuya desestimación dio motivo a la presente
329_p5467,LibroVol329.4.md,ok,179,22325,pie_genuino,Recurso,propia,0,2,1,0,104,11,1601,recurso deducido por la Comisión Liquidadora a fin de que se le reco-,179,pie_genuino,Recurso,propia,recurso deducido por la Comisión Liquidadora a fin de que se le reco-
329_p5778,LibroVol329.4.md,ok,278,33799,rotulo_pie,Tribunal de origen,propia,0,8,0,0,58,4,554,"tribunal de origen para que, por quien corresponda, se dicte un nuevo",278,rotulo_pie,Tribunal de origen,propia,"tribunal de origen para que, por quien corresponda, se dicte un nuevo"
329_p5950,LibroVol329.4.md,ok,420,40426,recurso_narrativo,Recurso,propia,0,1,0,0,272,4,1006,recurso extraordinario en el que se plantearon los agravios que han,420,recurso_narrativo,Recurso,propia,recurso extraordinario en el que se plantearon los agravios que han
329_p6087,LibroVol329.4.md,ok,113,45204,pie_genuino,Recurso,propia,0,3,1,0,278,17,4378,"Recurso extraordinario interpuesto por el Banco de la Provincia de Buenos Aires,",113,pie_genuino,Recurso,propia,"Recurso extraordinario interpuesto por el Banco de la Provincia de Buenos Aires,"
330_p261,LibroVol330.1.md,ok,404,9831,recurso_narrativo,Recurso,propia,0,3,1,0,151,10,3068,recurso de apelación ordinario con sustento en la violación del princi-,404,recurso_narrativo,Recurso,propia,recurso de apelación ordinario con sustento en la violación del princi-
330_p452,LibroVol330.1.md,ok,669,17585,recurso_narrativo,Recurso,propia,0,5,1,0,265,5,1344,recurso sencillo y rápido o a cualquier otro recurso efectivo (conf.,669,recurso_narrativo,Recurso,propia,recurso sencillo y rápido o a cualquier otro recurso efectivo (conf.
330_p855,LibroVol330.1.md,ok,3197,35654,rotulo_pie,Parte actora,propia,0,11,1,0,168,9,2395,parte actora se opuso a la aplicación de la nueva ley por reputarla,3197,rotulo_pie,Parte actora,propia,parte actora se opuso a la aplicación de la nueva ley por reputarla
330_p940,LibroVol330.1.md,ok,188,36108,recurso_narrativo,Recurso,propia,0,3,1,0,320,5,798,recurso interpuesto para encuadrarlo en el marco de la apelación ordi-,188,recurso_narrativo,Recurso,propia,recurso interpuesto para encuadrarlo en el marco de la apelación ordi-
330_p1309,LibroVol330.1.md,ok,104,50005,pie_genuino,Recurso,propia,0,3,1,0,172,10,1256,Recursos ordinarios interpuestos por la Administración Nacional de la Seguridad,104,pie_genuino,Recurso,propia,Recursos ordinarios interpuestos por la Administración Nacional de la Seguridad
330_p1671,LibroVol330.2.md,ok,574,13713,recurso_narrativo,Recurso,propia,0,7,1,0,353,19,7743,recursos que posibiliten al niño permanecer junto a su familia de ori-,574,recurso_narrativo,Recurso,propia,recursos que posibiliten al niño permanecer junto a su familia de ori-
330_p1989,LibroVol330.2.md,ok,840,26188,recurso_narrativo,Recurso,propia,0,6,1,0,148,4,948,"recurso extraordinario a fs. 334/345, en el que se agravia de la decla-",840,recurso_narrativo,Recurso,propia,"recurso extraordinario a fs. 334/345, en el que se agravia de la decla-"
330_p2445,LibroVol330.2.md,ok,88,42945,recurso_narrativo,Recurso,propia,0,6,1,0,16,6,1653,recursos extraordinarios son inadmisibles (art. 280 del Código Proce-,88,recurso_narrativo,Recurso,propia,recursos extraordinarios son inadmisibles (art. 280 del Código Proce-
330_p2470,LibroVol330.2.md,ok,172,44001,recurso_narrativo,Recurso,propia,0,1,1,0,152,5,1329,recursos administrativos por ella interpuestos.,172,recurso_narrativo,Recurso,propia,recursos administrativos por ella interpuestos.
330_p2671,LibroVol330.2.md,ok,408,51891,recurso_narrativo,Recurso,propia,0,7,2,0,241,4,1045,recurso extraordinario cuya denegación motivó la queja en examen.,408,recurso_narrativo,Recurso,propia,recurso extraordinario cuya denegación motivó la queja en examen.
330_p2774,LibroVol330.2.md,ok,327,55849,recurso_narrativo,Recurso,propia,0,7,1,0,440,2,627,"recurso efectivo y a las garantías del debido proceso, del derecho a la",327,recurso_narrativo,Recurso,propia,"recurso efectivo y a las garantías del debido proceso, del derecho a la"
330_p2826,LibroVol330.2.md,ok,294,57882,recurso_narrativo,Recurso,propia,0,1,1,0,345,2,539,"recurso extraordinario federal denegado, causa O.51.XXXIX– y fue",294,recurso_narrativo,Recurso,propia,"recurso extraordinario federal denegado, causa O.51.XXXIX– y fue"
330_p2877,LibroVol330.3.md,ok,470,519,recurso_narrativo,Recurso,propia,0,3,1,0,385,5,1117,"recursos extraordinarios (fs. 545/597; 599/614), que fueron concedidos",470,recurso_narrativo,Recurso,propia,"recursos extraordinarios (fs. 545/597; 599/614), que fueron concedidos"
330_p3028,LibroVol330.3.md,ok,172,6019,recurso_narrativo,Recurso,propia,0,6,1,0,134,5,1396,"recurso, la Cámara de Apelaciones hizo lugar a la recusación del ma-",172,recurso_narrativo,Recurso,propia,"recurso, la Cámara de Apelaciones hizo lugar a la recusación del ma-"
330_p3055,LibroVol330.3.md,ok,243,7164,recurso_narrativo,Recurso,propia,0,2,1,0,56,9,2147,recurso de reconsideración que también fue desestimado porque el,243,recurso_narrativo,Recurso,propia,recurso de reconsideración que también fue desestimado porque el
330_p3145,LibroVol330.3.md,ok,71,10513,recurso_narrativo,Recurso,propia,0,5,1,0,98,4,599,"recurso ordinario de apelación, que fue concedido de acuerdo con lo",71,recurso_narrativo,Recurso,propia,"recurso ordinario de apelación, que fue concedido de acuerdo con lo"
330_p3248,LibroVol330.3.md,ok,1688,16305,recurso_narrativo,Recurso,propia,0,3,1,0,284,53,19962,"recurso de revisión, y que la misma está amparada incluso por los",1688,recurso_narrativo,Recurso,propia,"recurso de revisión, y que la misma está amparada incluso por los"
330_p3526,LibroVol330.3.md,ok,308,26126,recurso_narrativo,Recurso,propia,0,2,1,0,139,4,670,recurso de casación deducido contra la sentencia de la Cámara en lo,308,recurso_narrativo,Recurso,propia,recurso de casación deducido contra la sentencia de la Cámara en lo
330_p3801,LibroVol330.3.md,ok,755,37210,recurso_narrativo,Recurso,propia,0,3,1,0,161,9,2153,recurso extraordinario en lo relativo a la presunta invalidez de los,755,recurso_narrativo,Recurso,propia,recurso extraordinario en lo relativo a la presunta invalidez de los
330_p3908,LibroVol330.3.md,ok,1524,42199,recurso_narrativo,Recurso,propia,0,7,1,0,242,6,2046,recursos económicos o ejercen el gobierno.,1524,recurso_narrativo,Recurso,propia,recursos económicos o ejercen el gobierno.
330_p3977,LibroVol330.3.md,ok,327,43802,recurso_narrativo,Recurso,propia,0,1,1,0,57,11,3283,recurso ordinario registrado como H.306. XXXIX caratulado “Her-,327,recurso_narrativo,Recurso,propia,recurso ordinario registrado como H.306. XXXIX caratulado “Her-
330_p4211,LibroVol330.3.md,ok,125,52552,recurso_narrativo,Recurso,propia,0,5,1,0,132,3,534,"recursos extraordinarios de orden local que les son llevados, no re-",125,recurso_narrativo,Recurso,propia,"recursos extraordinarios de orden local que les son llevados, no re-"
330_p4416,LibroVol330.4.md,ok,160,4047,recurso_narrativo,Recurso,propia,0,5,1,0,297,3,570,recurso de casación la apelante introdujo razonadamente planteos se-,160,recurso_narrativo,Recurso,propia,recurso de casación la apelante introdujo razonadamente planteos se-
330_p4592,LibroVol330.4.md,ok,362,10822,recurso_narrativo,Recurso,propia,0,8,1,0,377,6,2165,"recursos ordinarios de apelación concedidos a fs. 1228. Igualmente,",362,recurso_narrativo,Recurso,propia,"recursos ordinarios de apelación concedidos a fs. 1228. Igualmente,"
330_p4615,LibroVol330.4.md,ok,405,11785,recurso_narrativo,Recurso,propia,0,7,1,0,129,8,2605,"recurso extraordinario que fue concedido, en el que sostiene que el",405,recurso_narrativo,Recurso,propia,"recurso extraordinario que fue concedido, en el que sostiene que el"
330_p4697,LibroVol330.4.md,ok,162,14665,recurso_narrativo,Recurso,propia,0,1,1,0,155,3,680,"recurso de apelación ordinaria (fs. 176), que fue concedido (fs. 177) y",162,recurso_narrativo,Recurso,propia,"recurso de apelación ordinaria (fs. 176), que fue concedido (fs. 177) y"
330_p4879,LibroVol330.4.md,ok,86,21610,recurso_narrativo,Recurso,propia,0,6,1,0,65,4,1068,recursos de casación que fueron concedidos –aunque el primero sólo,86,recurso_narrativo,Recurso,propia,recursos de casación que fueron concedidos –aunque el primero sólo
330_p4960,LibroVol330.4.md,ok,325,24842,recurso_narrativo,Recurso,propia,0,12,11,0,8,3,585,recurso que da cuenta la presentación a despacho.,325,recurso_narrativo,Recurso,propia,recurso que da cuenta la presentación a despacho.
330_p5052,LibroVol330.4.md,ok,317,28483,recurso_narrativo,Recurso,propia,0,1,1,0,127,5,1035,recurso de casación con sustento en los serios defectos de funda-,317,recurso_narrativo,Recurso,propia,recurso de casación con sustento en los serios defectos de funda-
330_p5345,LibroVol330.4.md,ok,242,39837,recurso_narrativo,Recurso,propia,0,1,1,0,185,20,7058,recurso de queja y dispuso la suspensión de los procedimientos de eje-,242,recurso_narrativo,Recurso,propia,recurso de queja y dispuso la suspensión de los procedimientos de eje-
330_p5435,LibroVol330.4.md,ok,184,43465,rotulo_pie,Profesionales,propia,0,1,0,0,196,10,3490,profesionales al que remite la ley 24.557. Contra dicho pronunciamiento,184,rotulo_pie,Profesionales,propia,profesionales al que remite la ley 24.557. Contra dicho pronunciamiento
331_p36,LibroVol331.1.md,ok,291,1436,pie_genuino,Recurso,propia,0,9,1,0,161,4,923,recurso de casación interpuesto por la parte querellante (fs. 428/449),291,pie_genuino,Recurso,propia,recurso de casación interpuesto por la parte querellante (fs. 428/449)
331_p127,LibroVol331.1.md,ok,128,4533,recurso_narrativo,Recurso,propia,0,2,0,0,145,4,700,recurso extraordinario que fue concedido en cuanto se halla en juego,128,recurso_narrativo,Recurso,propia,recurso extraordinario que fue concedido en cuanto se halla en juego
331_p266,LibroVol331.1.md,ok,441,10296,recurso_narrativo,Recurso,propia,0,7,1,0,204,5,567,"recurso, con lo cual extendió ilegítimamente la interpretación, ya que",441,recurso_narrativo,Recurso,propia,"recurso, con lo cual extendió ilegítimamente la interpretación, ya que"
331_p608,LibroVol331.1.md,ok,391,23143,recurso_narrativo,Recurso,propia,0,3,1,0,422,4,960,recurso ordinario de apelación que fue concedido.,391,recurso_narrativo,Recurso,propia,recurso ordinario de apelación que fue concedido.
331_p636,LibroVol331.1.md,ok,2112,25904,recurso_narrativo,Recurso,propia,0,19,1,0,357,5,1444,recurso de casación con base en el motivo de violación o errónea apli-,2112,recurso_narrativo,Recurso,propia,recurso de casación con base en el motivo de violación o errónea apli-
331_p810,LibroVol331.1.md,ok,223,30767,recurso_narrativo,Recurso,propia,0,6,2,0,216,4,815,"recurso de inaplicabilidad de la ley que, desestimado por la Suprema",223,recurso_narrativo,Recurso,propia,"recurso de inaplicabilidad de la ley que, desestimado por la Suprema"
331_p831,LibroVol331.1.md,ok,326,31682,recurso_narrativo,Recurso,propia,0,6,0,0,413,4,873,"recursos de la seguridad social, entre ellos, los destinados a financiar",326,recurso_narrativo,Recurso,propia,"recursos de la seguridad social, entre ellos, los destinados a financiar"
331_p1765,LibroVol331.2.md,ok,140,29317,recurso_narrativo,Recurso,propia,0,1,1,0,377,5,771,"recurso extraordinario (Fallos: 310:819; 324:3948; 325:2275, entre",140,recurso_narrativo,Recurso,propia,"recurso extraordinario (Fallos: 310:819; 324:3948; 325:2275, entre"
331_p2047,LibroVol331.3.md,ok,747,3255,recurso_narrativo,Recurso,propia,0,11,1,0,81,5,1120,"recurso deducido, toda vez que se ha puesto en tela de juicio la inteli-",747,recurso_narrativo,Recurso,propia,"recurso deducido, toda vez que se ha puesto en tela de juicio la inteli-"
331_p2094,LibroVol331.3.md,ok,119,4478,recurso_narrativo,Recurso,propia,0,5,1,0,218,4,756,recurso extraordinario que fue concedido a fojas 96.,119,recurso_narrativo,Recurso,propia,recurso extraordinario que fue concedido a fojas 96.
331_p2149,LibroVol331.3.md,ok,192,6673,recurso_narrativo,Recurso,propia,0,7,1,0,295,3,701,"recurso, con lo cual extendió ilegítimamente la interpretación, ya que",192,recurso_narrativo,Recurso,propia,"recurso, con lo cual extendió ilegítimamente la interpretación, ya que"
331_p2672,LibroVol331.3.md,ok,67,26473,recurso_narrativo,Recurso,propia,0,1,1,0,346,4,1166,"recurso de hecho que, bajo el registro E.156, L.XLII, corre agregado",67,recurso_narrativo,Recurso,propia,"recurso de hecho que, bajo el registro E.156, L.XLII, corre agregado"
332_p253,LibroVol332.1.md,ok,637,10452,recurso_narrativo,Recurso,propia,0,4,0,0,52,4,814,recursos con que ésta cuenta con vistas a lograr que todos y cada uno,637,recurso_narrativo,Recurso,propia,recursos con que ésta cuenta con vistas a lograr que todos y cada uno
332_p351,LibroVol332.1.md,ok,154,13749,recurso_narrativo,Recurso,propia,0,2,1,0,221,3,586,"recurso de apelación ordinario (fs. 1018/1021) que, concedido (fs. 1022),",154,recurso_narrativo,Recurso,propia,"recurso de apelación ordinario (fs. 1018/1021) que, concedido (fs. 1022),"
332_p552,LibroVol332.1.md,ok,836,22213,recurso_narrativo,Recurso,propia,0,5,1,0,340,4,700,recurso de revisión ante el Superior Tribunal de Justicia de Río Negro,836,recurso_narrativo,Recurso,propia,recurso de revisión ante el Superior Tribunal de Justicia de Río Negro
332_p700,LibroVol332.1.md,ok,94,27326,recurso_narrativo,Recurso,propia,0,10,1,0,348,9,2142,recurso extraordinario (v. fs. 65/67).,94,recurso_narrativo,Recurso,propia,recurso extraordinario (v. fs. 65/67).
332_p752,LibroVol332.1.md,ok,215,29515,recurso_narrativo,Recurso,propia,0,5,2,0,236,6,1283,recurso ordinario de apelación (fs. 1003/1005 vta.) y recurso extraor-,215,recurso_narrativo,Recurso,propia,recurso ordinario de apelación (fs. 1003/1005 vta.) y recurso extraor-
332_p777,LibroVol332.1.md,ok,558,30840,pie_genuino,Recurso,propia,0,5,0,0,314,6,2003,"recurso extraordinario interpuesto por la demandada, en los autos",558,pie_genuino,Recurso,propia,"recurso extraordinario interpuesto por la demandada, en los autos"
332_p952,LibroVol332.2.md,ok,246,1522,recurso_narrativo,Recurso,propia,0,1,1,0,356,4,1114,"recurso extraordinario, que fue concedido en lo atinente al alcance e",246,recurso_narrativo,Recurso,propia,"recurso extraordinario, que fue concedido en lo atinente al alcance e"
332_p1633,LibroVol332.2.md,ok,150,27608,recurso_narrativo,Recurso,propia,0,1,1,0,235,12,4452,"recurso ordinario de apelación, corresponde al Tribunal emitir un",150,recurso_narrativo,Recurso,propia,"recurso ordinario de apelación, corresponde al Tribunal emitir un"
332_p1769,LibroVol332.2.md,ok,713,33513,recurso_narrativo,Recurso,propia,0,1,1,0,401,13,4249,recurso extraordinario contra la decisión de extraer sangre compul-,713,recurso_narrativo,Recurso,propia,recurso extraordinario contra la decisión de extraer sangre compul-
332_p1914,LibroVol332.2.md,ok,428,39098,recurso_narrativo,Recurso,propia,0,7,1,0,269,4,1011,"recurso extraordinario (fojas 79/89 vta.), fue contestado (fojas 91/92)",428,recurso_narrativo,Recurso,propia,"recurso extraordinario (fojas 79/89 vta.), fue contestado (fojas 91/92)"
332_p1952,LibroVol332.2.md,ok,83,40244,recurso_narrativo,Recurso,propia,0,5,2,0,158,5,581,recurso extraordinario.,83,recurso_narrativo,Recurso,propia,recurso extraordinario.
332_p2043,LibroVol332.3.md,ok,822,1288,recurso_narrativo,Recurso,propia,0,7,0,0,148,6,1719,"recurso extraordinario (Fallos: 310:819; 324:3948; 325:2275, entre",822,recurso_narrativo,Recurso,propia,"recurso extraordinario (Fallos: 310:819; 324:3948; 325:2275, entre"
332_p2099,LibroVol332.3.md,ok,65,2779,recurso_narrativo,Recurso,propia,0,1,1,0,259,8,2178,recursos fueron concedidos (fs. 320 y 323) y fundados en esta instan-,65,recurso_narrativo,Recurso,propia,recursos fueron concedidos (fs. 320 y 323) y fundados en esta instan-
332_p2237,LibroVol332.3.md,ok,384,8420,recurso_narrativo,Recurso,propia,0,7,0,0,308,4,1095,recurso extraordinario (conf. fs. 175/184).,384,recurso_narrativo,Recurso,propia,recurso extraordinario (conf. fs. 175/184).
332_p2280,LibroVol332.3.md,ok,196,9913,recurso_narrativo,Recurso,propia,0,2,2,0,210,4,918,"recurso extraordinario de fs. 416/423, contestado a fs. 435/438 y conce-",196,recurso_narrativo,Recurso,propia,"recurso extraordinario de fs. 416/423, contestado a fs. 435/438 y conce-"
332_p2339,LibroVol332.3.md,ok,1245,13292,recurso_narrativo,Recurso,propia,0,6,1,0,381,15,5384,"recursos sin limitar su alcance, por lo que es procedente acceder al",1245,recurso_narrativo,Recurso,propia,"recursos sin limitar su alcance, por lo que es procedente acceder al"
332_p2397,LibroVol332.3.md,ok,297,14765,recurso_narrativo,Recurso,propia,0,10,1,0,234,3,570,"recurso de casación en favor de Jorge Ramón Daniel Ciraolo, a quien",297,recurso_narrativo,Recurso,propia,"recurso de casación en favor de Jorge Ramón Daniel Ciraolo, a quien"
332_p2783,LibroVol332.3.md,ok,417,29802,recurso_narrativo,Recurso,propia,0,1,2,0,99,6,1536,recurso de hecho.,417,recurso_narrativo,Recurso,propia,recurso de hecho.
333_p16,LibroVol333.1.md,ok,87,575,recurso_narrativo,Recurso,propia,0,1,1,0,328,6,1654,recurso extraordinario de fs. 214/221.,87,recurso_narrativo,Recurso,propia,recurso extraordinario de fs. 214/221.
333_p39,LibroVol333.1.md,ok,246,1575,recurso_narrativo,Recurso,propia,0,1,2,0,236,11,2966,"recursos en su lugar de origen. Por esa razón, y por tratarse de áreas",246,recurso_narrativo,Recurso,propia,"recursos en su lugar de origen. Por esa razón, y por tratarse de áreas"
333_p360,LibroVol333.1.md,ok,46,13793,recurso_narrativo,Recurso,propia,0,1,0,0,36,5,991,"recurso extraordinario local de inaplicabilidad de ley, mediante el cual",46,recurso_narrativo,Recurso,propia,"recurso extraordinario local de inaplicabilidad de ley, mediante el cual"
333_p447,LibroVol333.1.md,ok,312,17498,recurso_narrativo,Recurso,propia,0,1,0,0,108,7,1551,"recurso extraordinario que, denegado, dio origen a la presente queja.",312,recurso_narrativo,Recurso,propia,"recurso extraordinario que, denegado, dio origen a la presente queja."
333_p519,LibroVol333.1.md,ok,228,20241,recurso_narrativo,Recurso,propia,0,1,1,0,333,3,822,recurso se dirige a lograr la plena efectividad de la prohibición de la,228,recurso_narrativo,Recurso,propia,recurso se dirige a lograr la plena efectividad de la prohibición de la
333_p831,LibroVol333.2.md,ok,216,2368,recurso_narrativo,Recurso,propia,0,7,0,0,281,12,3931,recursos interpuestos contra el fallo condenatorio. En el voto que hizo,216,recurso_narrativo,Recurso,propia,recursos interpuestos contra el fallo condenatorio. En el voto que hizo
333_p1331,LibroVol333.2.md,ok,391,22109,rotulo_pie,Parte demandada,propia,0,2,1,0,441,9,3295,parte demandada había reconocido que la nota del 4 de enero de 1998,391,rotulo_pie,Parte demandada,propia,parte demandada había reconocido que la nota del 4 de enero de 1998
333_p1404,LibroVol333.2.md,ok,356,24993,pie_genuino,Recurso,propia,0,1,3,0,20,9,594,recurso de hecho interpuesto por la parte actora (expediente M.790.,356,pie_genuino,Recurso,propia,recurso de hecho interpuesto por la parte actora (expediente M.790.
333_p1723,LibroVol333.2.md,ok,143,37520,recurso_narrativo,Recurso,solo_pre_apertura,1,0,126,0,353,3,727,recurso extraordinario (fs. 855/861) cuya denegación dio origen a la,143,recurso_narrativo,Recurso,solo_pre_apertura,recurso extraordinario (fs. 855/861) cuya denegación dio origen a la
333_p1789,LibroVol333.2.md,ok,83,40041,pie_genuino,Recurso,solo_pre_apertura,1,0,320,1,187,9,2050,recurso de casación interpuesto por el entonces defensor particular de,394,recurso_narrativo,Recurso,mixta,recurso de casación y privara al justiciable de la revisión integral del
333_p1891,LibroVol333.3.md,ok,457,750,recurso_narrativo,Recurso,propia,0,1,1,0,42,7,1194,recurso extraordinario con el alcance indicado,457,recurso_narrativo,Recurso,propia,recurso extraordinario con el alcance indicado
333_p1930,LibroVol333.3.md,ok,335,2149,recurso_narrativo,Recurso,propia,0,2,1,0,277,4,1077,recurso de apelación ordinario ante la Corte Suprema de Justicia de la,335,recurso_narrativo,Recurso,propia,recurso de apelación ordinario ante la Corte Suprema de Justicia de la
333_p2079,LibroVol333.3.md,ok,644,8099,recurso_narrativo,Recurso,solo_pre_apertura,4,0,400,0,318,5,710,recurso periodístico del titulado sólo apunta –obviamente– a traslucir,644,recurso_narrativo,Recurso,solo_pre_apertura,recurso periodístico del titulado sólo apunta –obviamente– a traslucir
333_p2271,LibroVol333.3.md,ok,542,15525,rotulo_pie,Profesionales,propia,0,5,1,0,33,6,1203,"profesionales que trabajan para el Fisco Nacional; ello, sin perjuicio,",542,rotulo_pie,Profesionales,propia,"profesionales que trabajan para el Fisco Nacional; ello, sin perjuicio,"
333_p2410,LibroVol333.3.md,ok,286,20860,recurso_narrativo,Recurso,propia,0,7,0,0,95,5,1091,recurso extraordinario cuya denegación motiva la presente queja.,286,recurso_narrativo,Recurso,propia,recurso extraordinario cuya denegación motiva la presente queja.
333_p2445,LibroVol333.3.md,ok,40,21953,recurso_narrativo,Recurso,solo_pre_apertura,2,0,293,1,294,13,4029,"recurso extraordinario, cuyo rechazo da lugar a la presente queja",299,recurso_narrativo,Recurso,solo_pre_apertura,"recurso extraordinario, cuyo rechazo dio lugar a la presente queja (v."
334_p62,LibroVol334.1.md,ok,970,3228,recurso_narrativo,Recurso,propia,0,4,2,0,461,11,4248,"recursos económicos, hicieron que le resultara materialmente imposible",970,recurso_narrativo,Recurso,propia,"recursos económicos, hicieron que le resultara materialmente imposible"
334_p198,LibroVol334.1.md,ok,229,7953,recurso_narrativo,Recurso,propia,0,1,2,0,168,8,2373,"recurso extraordinario que, denegado, dio lugar a la presente queja.",229,recurso_narrativo,Recurso,propia,"recurso extraordinario que, denegado, dio lugar a la presente queja."
334_p490,LibroVol334.1.md,ok,305,19393,recurso_narrativo,Recurso,propia,0,1,1,0,42,5,939,recurso extraordinario y se deja sin efecto la sentencia apelada con el,305,recurso_narrativo,Recurso,propia,recurso extraordinario y se deja sin efecto la sentencia apelada con el
334_p778,LibroVol334.2.md,ok,128,2592,recurso_narrativo,Recurso,propia,0,1,2,0,67,5,931,"recurso extraordinario que, desestimado, motivó la presente queja.",128,recurso_narrativo,Recurso,propia,"recurso extraordinario que, desestimado, motivó la presente queja."
334_p784,LibroVol334.2.md,ok,232,2924,recurso_narrativo,Recurso,solo_pre_apertura,2,0,199,0,349,7,2343,recurso extraordinario que fue concedido por el a quo mediante el auto,232,recurso_narrativo,Recurso,solo_pre_apertura,recurso extraordinario que fue concedido por el a quo mediante el auto
334_p913,LibroVol334.2.md,ok,697,8357,recurso_narrativo,Recurso,propia,0,1,2,0,160,5,1167,"recursos extraordinarios, los que fueron concedidos (fs. 566/567 vta.).",697,recurso_narrativo,Recurso,propia,"recursos extraordinarios, los que fueron concedidos (fs. 566/567 vta.)."
334_p1172,LibroVol334.3.md,ok,122,4395,recurso_narrativo,Recurso,propia,0,6,2,0,154,9,2593,recurso ordinario que fue concedido por este Tribunal y debidamente,122,recurso_narrativo,Recurso,propia,recurso ordinario que fue concedido por este Tribunal y debidamente
334_p1302,LibroVol334.3.md,ok,504,10004,recurso_narrativo,Recurso,propia,0,6,2,0,54,15,5164,recursos ordinarios de apelación que fueron concedidos.,504,recurso_narrativo,Recurso,propia,recursos ordinarios de apelación que fueron concedidos.
334_p1346,LibroVol334.3.md,ok,252,11542,rotulo_pie,Profesionales,solo_pre_apertura,2,0,208,0,12,6,1526,Profesionales de la Ingeniería Civil y por la Caja de Previsión Social,252,rotulo_pie,Profesionales,solo_pre_apertura,Profesionales de la Ingeniería Civil y por la Caja de Previsión Social
334_p1412,LibroVol334.3.md,ok,384,14330,recurso_narrativo,Recurso,propia,0,2,2,0,317,6,1718,recurso de revisión –por grave irregularidad– y de reconsideración (ex-,384,recurso_narrativo,Recurso,propia,recurso de revisión –por grave irregularidad– y de reconsideración (ex-
334_p1504,LibroVol334.3.md,ok,225,17740,recurso_narrativo,Recurso,propia,0,9,2,0,37,7,1696,"recursos ante la jurisdicción interna). Ante tales instancias, el señor",225,recurso_narrativo,Recurso,propia,"recursos ante la jurisdicción interna). Ante tales instancias, el señor"
334_p1754,LibroVol334.3.md,ok,451,27897,recurso_narrativo,Recurso,propia,0,2,43,0,231,5,1223,recurso extraordinario previsto en el artículo 14 de la ley 48 (Fallos:,451,recurso_narrativo,Recurso,propia,recurso extraordinario previsto en el artículo 14 de la ley 48 (Fallos:
334_p1768,LibroVol334.3.md,ok,672,28716,pie_genuino,Recurso,propia,0,1,2,0,100,7,2233,"recursos extraordinarios locales deducidos por los demandados, casó",672,pie_genuino,Recurso,propia,"recursos extraordinarios locales deducidos por los demandados, casó"
337_p47,LibroVol337.1.md,ok,151,1808,recurso_narrativo,Recurso,solo_pre_apertura,1,0,61,0,11,6,1140,"recurso extraordinario federal (fs. 746/765 vta.), que fue concedido por",151,recurso_narrativo,Recurso,solo_pre_apertura,"recurso extraordinario federal (fs. 746/765 vta.), que fue concedido por"
337_p179,LibroVol337.1.md,ok,264,7188,recurso_narrativo,Recurso,propia,0,1,17,0,381,5,1003,recurso federal cuando la sentencia impugnada traduce un exceso en,264,recurso_narrativo,Recurso,propia,recurso federal cuando la sentencia impugnada traduce un exceso en
337_p222,LibroVol337.1.md,ok,351,8961,recurso_narrativo,Recurso,propia,0,1,19,0,327,4,1284,recurso debe ser descalificado como acto jurisdiccional válido al tener,351,recurso_narrativo,Recurso,propia,recurso debe ser descalificado como acto jurisdiccional válido al tener
337_p518,LibroVol337.1.md,ok,376,20793,recurso_narrativo,Recurso,mixta,1,1,21,0,332,3,849,recursos de la seguridad social definidos en el artículo 3° del decreto,376,recurso_narrativo,Recurso,mixta,recursos de la seguridad social definidos en el artículo 3° del decreto
337_p548,LibroVol337.1.md,ok,181,21788,recurso_narrativo,Recurso,solo_pre_apertura,1,0,39,0,132,7,1474,recurso (fs. 577).,181,recurso_narrativo,Recurso,solo_pre_apertura,recurso (fs. 577).
337_p590,LibroVol337.1.md,ok,657,23893,recurso_narrativo,Recurso,propia,0,2,81,0,269,3,667,recurso sólo traduce sus subjetivas discrepancias con el examen de,657,recurso_narrativo,Recurso,propia,recurso sólo traduce sus subjetivas discrepancias con el examen de
337_p850,LibroVol337.1.md,ok,311,33885,pie_genuino,Recurso,propia,0,3,47,0,54,3,511,Recurso ordinario interpuesto por el Estado Nacional — Ministerio de Economía y,311,pie_genuino,Recurso,propia,Recurso ordinario interpuesto por el Estado Nacional — Ministerio de Economía y
337_p901,LibroVol337.2.md,ok,227,404,recurso_narrativo,Recurso,mixta,1,1,26,0,130,11,2778,recurso extraordinario no abarca la revisión del procedimiento y que,227,recurso_narrativo,Recurso,mixta,recurso extraordinario no abarca la revisión del procedimiento y que
337_p966,LibroVol337.2.md,ok,746,3565,recurso_narrativo,Recurso,mixta,1,6,38,0,193,10,2651,recurso extraordinario –contestado a fs. 421/431 y concedido a fs. 434–.,746,recurso_narrativo,Recurso,mixta,recurso extraordinario –contestado a fs. 421/431 y concedido a fs. 434–.
337_p1174,LibroVol337.2.md,ok,161,11252,recurso_narrativo,Recurso,solo_pre_apertura,2,0,536,1,319,11,3576,recurso de queja.,1715,pie_genuino,Recurso,mixta,"Recursos extraordinarios interpuestos por María Belén Rodríguez, patrocinada por"
337_p1277,LibroVol337.2.md,ok,388,15524,recurso_narrativo,Recurso,propia,0,2,11,0,246,4,891,"recurso extraordinario, que fue concedido, en el que se agravia de la",388,recurso_narrativo,Recurso,propia,"recurso extraordinario, que fue concedido, en el que se agravia de la"
337_p1289,LibroVol337.2.md,ok,435,16061,recurso_narrativo,Recurso,propia,0,1,36,0,217,7,1980,recurso extraordinario. Señaló la arbitrariedad en la que incurrió el,435,recurso_narrativo,Recurso,propia,recurso extraordinario. Señaló la arbitrariedad en la que incurrió el
337_p1337,LibroVol337.2.md,ok,207,17809,recurso_narrativo,Recurso,solo_pre_apertura,1,0,152,0,200,4,865,"recurso extraordinario federal a fs. 217/229 vta., que fue concedido en",207,recurso_narrativo,Recurso,solo_pre_apertura,"recurso extraordinario federal a fs. 217/229 vta., que fue concedido en"
337_p1393,LibroVol337.2.md,ok,193,19986,pie_genuino,Recurso,propia,0,1,50,0,148,7,1821,"recurso de apelación deducido por la demandada, confirmó la senten-",193,pie_genuino,Recurso,propia,"recurso de apelación deducido por la demandada, confirmó la senten-"
337_p1451,LibroVol337.2.md,ok,20,22046,recurso_narrativo,Recurso,solo_pre_apertura,1,0,21,1,68,7,2126,"recurso extraordinario de fs. 116/133, y revocar la sentencia apelada.",31,sin_match,,solo_pre_apertura,dejó sin efecto seis resoluciones dictadas por la Aduana de Santa Fe
338_p123,LibroVol338.1.md,ok,209,4825,recurso_narrativo,Recurso,propia,0,2,20,0,199,4,716,"recurso extraordinario de fs. 164/170, que fue concedido a fs. 174/174",209,recurso_narrativo,Recurso,propia,"recurso extraordinario de fs. 164/170, que fue concedido a fs. 174/174"
338_p249,LibroVol338.1.md,ok,530,10087,recurso_narrativo,Recurso,solo_pre_apertura,3,0,159,0,291,9,3071,recurso extraordinario.,530,recurso_narrativo,Recurso,solo_pre_apertura,recurso extraordinario.
338_p435,LibroVol338.1.md,ok,368,17145,recurso_narrativo,Recurso,propia,0,4,128,0,50,8,2209,"recurso, resulta que —contrariamente a lo alegado por la recurren­",368,recurso_narrativo,Recurso,propia,"recurso, resulta que —contrariamente a lo alegado por la recurren­"
338_p556,LibroVol338.1.md,ok,896,22340,recurso_narrativo,Recurso,propia,0,2,151,0,71,21,7098,"recursos extraordinarios (fs. 1010/1030 y 1032/1063, respectivamente),",896,recurso_narrativo,Recurso,propia,"recursos extraordinarios (fs. 1010/1030 y 1032/1063, respectivamente),"
338_p628,LibroVol338.1.md,ok,279,24565,recurso_narrativo,Recurso,propia,0,2,46,0,245,17,5402,recursos necesarios para imprimir una boleta por elector registrado,279,recurso_narrativo,Recurso,propia,recursos necesarios para imprimir una boleta por elector registrado
338_p993,LibroVol338.2.md,ok,487,12242,rotulo_pie,Profesionales,propia,0,2,16,0,112,5,1292,profesionales de los títulos de veterinario y médico veterinario” que,487,rotulo_pie,Profesionales,propia,profesionales de los títulos de veterinario y médico veterinario” que
338_p1356,LibroVol338.2.md,ok,298,26231,recurso_narrativo,Recurso,propia,0,1,126,0,268,22,7650,recursos de la Provincia de Santa Fe.,298,recurso_narrativo,Recurso,propia,recursos de la Provincia de Santa Fe.
338_p1389,LibroVol338.2.md,ok,4,27219,pie_genuino,Parte demandada,solo_pre_apertura,1,0,116,1,173,27,8367,"Parte demandada: Estado Nacional - Ministerio de Economía y Finanzas Públicas, re­",782,recurso_narrativo,Recurso,mixta,recursos coparticipables.
338_p1524,LibroVol338.2.md,ok,224,32724,recurso_narrativo,Recurso,propia,0,3,64,0,420,5,1577,recurso de inaplicabilidad de ley deducido respecto de la sentencia de,224,recurso_narrativo,Recurso,propia,recurso de inaplicabilidad de ley deducido respecto de la sentencia de
339_p94,LibroVol339.1.md,ok,373,3639,recurso_narrativo,Recurso,propia,0,1,74,0,228,6,1883,"recurso ordinario de apelación (fs. 240/248 vta.) que, concedido (fs.",373,recurso_narrativo,Recurso,propia,"recurso ordinario de apelación (fs. 240/248 vta.) que, concedido (fs."
339_p201,LibroVol339.1.md,ok,444,7758,recurso_narrativo,Recurso,mixta,1,1,72,0,316,5,1282,recurso federal cuando lo resuelto causa un agravio de difícil o imposi­,444,recurso_narrativo,Recurso,mixta,recurso federal cuando lo resuelto causa un agravio de difícil o imposi­
339_p307,LibroVol339.1.md,ok,71,11407,recurso_narrativo,Recurso,solo_pre_apertura,1,0,172,1,229,5,1109,recurso extraordinario federal (fs. 5/11) que fue declarado inadmisible,285,pie_genuino,Recurso,mixta,"Recurso extraordinario interpuesto por Raúl Omar Pleé, Fiscal General a cargo de la"
339_p444,LibroVol339.1.md,ok,153,16659,recurso_narrativo,Recurso,propia,0,1,37,0,438,6,1982,recurso extraordinario de fs. 6452/6466 deducido contra la decisión de,153,recurso_narrativo,Recurso,propia,recurso extraordinario de fs. 6452/6466 deducido contra la decisión de
339_p542,LibroVol339.1.md,ok,229,20387,recurso_narrativo,Recurso,propia,0,1,35,0,48,4,847,"recurso de casación”, sentencia del 27 de agosto de 2013, entre muchos",229,recurso_narrativo,Recurso,propia,"recurso de casación”, sentencia del 27 de agosto de 2013, entre muchos"
339_p662,LibroVol339.1.md,ok,276,25030,recurso_narrativo,Recurso,propia,0,1,41,0,314,3,985,recurso extraordinario federal por medio del cual cuestiona la inte­,276,recurso_narrativo,Recurso,propia,recurso extraordinario federal por medio del cual cuestiona la inte­
339_p760,LibroVol339.1.md,ok,352,28797,recurso_narrativo,Recurso,solo_pre_apertura,1,0,277,0,312,13,4578,recurso extraordinario (fs. 404/417) cuya denegación dio origen a la,352,recurso_narrativo,Recurso,solo_pre_apertura,recurso extraordinario (fs. 404/417) cuya denegación dio origen a la
339_p1077,LibroVol339.2.md,ok,1673,6460,recurso_narrativo,Recurso,propia,0,4,272,0,403,8,2378,recursos materiales y humanos o en el dictado de sentencias contra­,1673,recurso_narrativo,Recurso,propia,recursos materiales y humanos o en el dictado de sentencias contra­
339_p1423,LibroVol339.2.md,ok,407,18414,recurso_narrativo,Recurso,propia,0,3,30,0,371,4,1063,recurso federal cuando lo resuelto causa un agravio de difícil o impo­,407,recurso_narrativo,Recurso,propia,recurso federal cuando lo resuelto causa un agravio de difícil o impo­
339_p1478,LibroVol339.2.md,ok,134,20255,recurso_narrativo,Recurso,propia,0,1,40,0,132,4,687,"recurso extraordinario que, denegado, dio origen a la presente queja.",134,recurso_narrativo,Recurso,propia,"recurso extraordinario que, denegado, dio origen a la presente queja."
339_p1534,LibroVol339.2.md,ok,491,22754,recurso_narrativo,Recurso,solo_pre_apertura,1,0,421,0,115,13,4031,recurso de queja).,491,recurso_narrativo,Recurso,solo_pre_apertura,recurso de queja).
340_p188,LibroVol340.1.md,ok,301,7059,recurso_narrativo,Recurso,propia,0,2,0,0,3,9,3142,recurso de casación.,301,recurso_narrativo,Recurso,propia,recurso de casación.
340_p251,LibroVol340.1.md,ok,132,9288,recurso_narrativo,Recurso,propia,0,4,1,0,319,3,637,recurso ordinario de apelación (Fallos: 303:1311; 311:2063; 312:745;,132,recurso_narrativo,Recurso,propia,recurso ordinario de apelación (Fallos: 303:1311; 311:2063; 312:745;
340_p257,LibroVol340.1.md,ok,392,9754,pie_genuino,Recurso,solo_pre_apertura,25,0,331,0,282,36,12232,recurso de apelación deducido por el Estado Nacional y confirmó la,392,pie_genuino,Recurso,solo_pre_apertura,recurso de apelación deducido por el Estado Nacional y confirmó la
340_p745,LibroVol340.1.md,ok,232,28220,recurso_narrativo,Recurso,solo_pre_apertura,1,0,51,0,258,7,1754,recursos por los cuales se acciona redundarán en la concreción de los,232,recurso_narrativo,Recurso,solo_pre_apertura,recursos por los cuales se acciona redundarán en la concreción de los
340_p914,LibroVol340.1.md,ok,448,34553,recurso_narrativo,Recurso,solo_pre_apertura,1,0,135,0,84,20,6793,"recurso de casación, y ha declarado la validez de los comicios en",448,recurso_narrativo,Recurso,solo_pre_apertura,"recurso de casación, y ha declarado la validez de los comicios en"
340_p1025,LibroVol340_2.md,ok,189,2057,rotulo_pie,Profesionales,propia,0,2,23,0,305,5,1223,"Profesionales de Parque Nacional Iguazú c/ Misiones, Provincia de y",189,rotulo_pie,Profesionales,propia,"Profesionales de Parque Nacional Iguazú c/ Misiones, Provincia de y"
340_p1644,LibroVol340_2.md,ok,495,26171,recurso_narrativo,Recurso,propia,0,8,16,0,95,6,814,"recurso extraordinario (fs. 230/245) que, tras ser contestado por el",495,recurso_narrativo,Recurso,propia,"recurso extraordinario (fs. 230/245) que, tras ser contestado por el"
340_p1695,LibroVol340_2.md,ok,746,28241,recurso_narrativo,Recurso,solo_pre_apertura,6,0,253,0,249,26,8453,"recursos (inestabilidad, baja predictibilidad y seguridad), modificación",746,recurso_narrativo,Recurso,solo_pre_apertura,"recursos (inestabilidad, baja predictibilidad y seguridad), modificación"
340_p1756,LibroVol340_2.md,ok,429,30346,recurso_narrativo,Recurso,mixta,3,4,93,0,375,4,1320,recurso extraordinario.,429,recurso_narrativo,Recurso,mixta,recurso extraordinario.
340_p1795,LibroVol340_2.md,ok,1731,33212,rotulo_pie,Parte actora,mixta,15,3,432,0,380,25,8633,parte actora referido a que la obligación impuesta a los padres por,1731,rotulo_pie,Parte actora,mixta,parte actora referido a que la obligación impuesta a los padres por
340_p1884,LibroVol340_2.md,ok,479,35546,recurso_narrativo,Recurso,propia,0,4,1,0,156,11,3600,"recurso extraordinario, que fue concedido a fs. 256. Se agravia allí por",479,recurso_narrativo,Recurso,propia,"recurso extraordinario, que fue concedido a fs. 256. Se agravia allí por"
340_p2001,LibroVol340_2.md,ok,520,40041,recurso_narrativo,Recurso,propia,0,1,22,0,151,4,1047,recursos incoados por la parte al mismo tiempo que se reconoció que,520,recurso_narrativo,Recurso,propia,recursos incoados por la parte al mismo tiempo que se reconoció que
341_p54,LibroVol341.1.md,ok,585,2507,recurso_narrativo,Recurso,propia,0,1,0,0,157,4,682,"recurso extraordinario, puesto que con relación al derecho del magis­",585,recurso_narrativo,Recurso,propia,"recurso extraordinario, puesto que con relación al derecho del magis­"
341_p84,LibroVol341.1.md,ok,210,3277,recurso_narrativo,Recurso,solo_pre_apertura,2,0,52,0,229,5,1170,recurso extraordinario (fs. 267/279) cuya denegación dio origen a la,210,recurso_narrativo,Recurso,solo_pre_apertura,recurso extraordinario (fs. 267/279) cuya denegación dio origen a la
341_p129,LibroVol341.1.md,ok,569,5381,pie_genuino,Recurso,propia,0,2,27,0,90,6,1423,recurso de casación interpuesto por la defensa de Raúl Rolando Ro­,569,pie_genuino,Recurso,propia,recurso de casación interpuesto por la defensa de Raúl Rolando Ro­
341_p274,LibroVol341.1.md,ok,393,10691,recurso_narrativo,Recurso,propia,0,1,43,0,373,5,1083,"recurso extraordinario de fs. 170/181, que fue contestado a fs. 184/187 y",393,recurso_narrativo,Recurso,propia,"recurso extraordinario de fs. 170/181, que fue contestado a fs. 184/187 y"
341_p336,LibroVol341.1.md,ok,3062,15633,recurso_narrativo,Recurso,propia,0,14,97,0,176,4,719,recurso incoado por la parte querellante por considerar que el cuadro,3062,recurso_narrativo,Recurso,propia,recurso incoado por la parte querellante por considerar que el cuadro
341_p427,LibroVol341.1.md,ok,539,16856,rotulo_pie,Profesionales,solo_pre_apertura,9,0,290,0,334,13,3770,profesionales que ya se desempeñan en el Hospital Alemán y a través,539,rotulo_pie,Profesionales,solo_pre_apertura,profesionales que ya se desempeñan en el Hospital Alemán y a través
341_p536,LibroVol341.1.md,ok,179,20610,recurso_narrativo,Recurso,propia,0,1,44,0,424,6,1722,"recurso interpuesto, esta Corte declaró su incompetencia para enten­",179,recurso_narrativo,Recurso,propia,"recurso interpuesto, esta Corte declaró su incompetencia para enten­"
341_p745,LibroVol341.1.md,ok,476,28555,recurso_narrativo,Recurso,propia,0,1,51,0,157,8,1883,recurso extraordinario que fue concedido por existir cuestión federal,476,recurso_narrativo,Recurso,propia,recurso extraordinario que fue concedido por existir cuestión federal
341_p774,LibroVol341.1.md,ok,454,29675,recurso_narrativo,Recurso,propia,0,2,78,0,24,14,3566,"recurso extraordinario federal (fs. 1009/1029), que fue concedido “en",454,recurso_narrativo,Recurso,propia,"recurso extraordinario federal (fs. 1009/1029), que fue concedido “en"
341_p898,LibroVol341.2.md,ok,225,1557,recurso_narrativo,Recurso,propia,0,1,48,0,197,8,2588,"recurso y a la tutela judicial efectiva. En efecto, según entiende el",225,recurso_narrativo,Recurso,propia,"recurso y a la tutela judicial efectiva. En efecto, según entiende el"
341_p929,LibroVol341.2.md,ok,236,2724,recurso_narrativo,Recurso,propia,0,2,26,0,349,5,1320,"recurso extraordinario de fs. 259/272, que fue parcialmente concedido",236,recurso_narrativo,Recurso,propia,"recurso extraordinario de fs. 259/272, que fue parcialmente concedido"
341_p971,LibroVol341.2.md,ok,801,4906,recurso_narrativo,Recurso,propia,0,1,73,0,397,22,7661,recurso de apelación ordinario (fs. 912) que fue concedido a fs. 911 y,801,recurso_narrativo,Recurso,propia,recurso de apelación ordinario (fs. 912) que fue concedido a fs. 911 y
341_p1148,LibroVol341.2.md,ok,468,11482,pie_genuino,Recurso,propia,0,3,101,0,104,12,3042,recurso de alzada interpuesto por la provincia contra la resolución 27,468,pie_genuino,Recurso,propia,recurso de alzada interpuesto por la provincia contra la resolución 27
341_p1298,LibroVol341.2.md,ok,181,16914,recurso_narrativo,Recurso,propia,0,5,27,0,325,6,1113,recurso de la recurrente depende de si la actividad regulada por la,181,recurso_narrativo,Recurso,propia,recurso de la recurrente depende de si la actividad regulada por la
341_p1378,LibroVol341.2.md,ok,358,20175,recurso_narrativo,Recurso,propia,0,3,18,0,358,4,1227,recurso de apelación ordinario en materia de extradición en atención,358,recurso_narrativo,Recurso,propia,recurso de apelación ordinario en materia de extradición en atención
341_p1485,LibroVol341.2.md,ok,437,24308,recurso_narrativo,Recurso,propia,0,5,65,0,200,8,2406,recurso de nulidad. Destacó que aquellos aspectos habían sido some­,437,recurso_narrativo,Recurso,propia,recurso de nulidad. Destacó que aquellos aspectos habían sido some­
341_p1511,LibroVol341.2.md,ok,1153,26042,recurso_narrativo,Recurso,mixta,3,5,728,0,151,7,2520,"recurso extraordinario concedido en la Corte Suprema, el juez resol­",1153,recurso_narrativo,Recurso,mixta,"recurso extraordinario concedido en la Corte Suprema, el juez resol­"
341_p1679,LibroVol341.2.md,ok,976,32431,recurso_narrativo,Recurso,propia,0,6,37,0,163,3,522,Recursos ordinarios interpuestos y fundados por:,976,recurso_narrativo,Recurso,propia,Recursos ordinarios interpuestos y fundados por:
341_p1854,LibroVol341.2.md,ok,383,38816,rotulo_pie,Profesionales,propia,0,10,87,0,44,6,1652,profesionales de la salud que han intervenido en la operación de la,383,rotulo_pie,Profesionales,propia,profesionales de la salud que han intervenido en la operación de la
342_p287,LibroVol342-1.md,ok,1372,12665,recurso_narrativo,Recurso,propia,0,8,268,0,276,13,4979,"recurso de apelación por ante el Tribunal Superior de la provincia, el",1372,recurso_narrativo,Recurso,propia,"recurso de apelación por ante el Tribunal Superior de la provincia, el"
342_p459,LibroVol342-1.md,ok,1346,19561,recurso_narrativo,Recurso,propia,0,8,208,0,336,13,4841,recursos extraordinarios (fs. 652/656 y 660/664).,1346,recurso_narrativo,Recurso,propia,recursos extraordinarios (fs. 652/656 y 660/664).
342_p761,LibroVol342-1.md,ok,1220,31107,recurso_narrativo,Recurso,propia,0,13,117,0,2,10,2895,recurso extraordinario.,1220,recurso_narrativo,Recurso,propia,recurso extraordinario.
342_p917,LibroVol342-1.md,ok,866,36819,recurso_narrativo,Recurso,propia,0,3,253,0,412,10,3191,recurso estratégico del agua (artículo 1°)- la hipotética controversia,866,recurso_narrativo,Recurso,propia,recurso estratégico del agua (artículo 1°)- la hipotética controversia
342_p1061,LibroVol342-1.md,ok,1875,43329,recurso_narrativo,Recurso,propia,0,6,558,0,64,8,1816,"recurso extraordinario interpuesto y se revoca la sentencia apelada,",1875,recurso_narrativo,Recurso,propia,"recurso extraordinario interpuesto y se revoca la sentencia apelada,"
342_p1203,LibroVol342-1.md,ok,671,47695,recurso_narrativo,Recurso,propia,0,2,95,0,133,9,3024,recurso federal cuando lo resuelto causa un agravio de difícil o imposi­,671,recurso_narrativo,Recurso,propia,recurso federal cuando lo resuelto causa un agravio de difícil o imposi­
342_p1524,LibroVol342-2.md,ok,485,8928,recurso_narrativo,Recurso,propia,0,5,76,0,299,6,1592,"recurso, la postura del Estado Nacional resulta improcedente.",485,recurso_narrativo,Recurso,propia,"recurso, la postura del Estado Nacional resulta improcedente."
342_p1591,LibroVol342-2.md,ok,397,11384,recurso_narrativo,Recurso,propia,0,1,143,0,35,4,542,"recursos por la reducción de la alícuota en el IVA para ciertos bienes,",397,recurso_narrativo,Recurso,propia,"recursos por la reducción de la alícuota en el IVA para ciertos bienes,"
342_p1665,LibroVol342-2.md,ok,1189,15032,pie_genuino,Recurso,propia,0,3,393,0,49,14,4334,recurso extraordinario deducido por la demandada y se confirma la,1189,pie_genuino,Recurso,propia,recurso extraordinario deducido por la demandada y se confirma la
342_p1777,LibroVol342-2.md,ok,919,19207,recurso_narrativo,Recurso,propia,0,6,217,0,307,14,3779,"recurso extraordinario, que fue concedido por el a quo con sustento",919,recurso_narrativo,Recurso,propia,"recurso extraordinario, que fue concedido por el a quo con sustento"
342_p1938,LibroVol342-2.md,ok,1322,26018,pie_genuino,Recurso,propia,0,2,160,0,67,13,3540,"recurso extraordinario deducido por algunos actores, quienes preten­",1322,pie_genuino,Recurso,propia,"recurso extraordinario deducido por algunos actores, quienes preten­"
342_p2115,LibroVol342-2.md,ok,241,32002,recurso_narrativo,Recurso,propia,0,5,35,0,156,6,675,"recurso extraordinario, dicha decisión está firme y consentida y no",241,recurso_narrativo,Recurso,propia,"recurso extraordinario, dicha decisión está firme y consentida y no"
342_p2136,LibroVol342-2.md,ok,488,32993,recurso_narrativo,Recurso,propia,0,2,110,0,198,3,550,RECURSOS HÍDRICOS entonces dependiente de la ex SECRETA­,488,recurso_narrativo,Recurso,propia,RECURSOS HÍDRICOS entonces dependiente de la ex SECRETA­
342_p2155,LibroVol342-2.md,ok,307,33558,recurso_narrativo,Recurso,propia,0,2,96,0,385,9,2297,"recurso extraordinario local, dejó firme la sentencia de la cámara que,",307,recurso_narrativo,Recurso,propia,"recurso extraordinario local, dejó firme la sentencia de la cámara que,"
342_p2244,LibroVol342-2.md,ok,228,36930,rotulo_pie,Profesionales,propia,0,7,50,0,284,4,615,"profesionales removidos, al resto de los socios del Círculo, a quienes",228,rotulo_pie,Profesionales,propia,"profesionales removidos, al resto de los socios del Círculo, a quienes"
342_p2399,LibroVol342-2.md,ok,194,42922,pie_genuino,Recurso,propia,0,6,41,0,64,5,1023,"Recurso de queja interpuesto por Andrea V. Etcheverry, en representación del Mi­",194,pie_genuino,Recurso,propia,"Recurso de queja interpuesto por Andrea V. Etcheverry, en representación del Mi­"
343_p319,LibroVol343-1.md,ok,355,12445,recurso_narrativo,Recurso,propia,0,1,90,0,372,6,2371,recurso de apelación y confirmó lo decidido por el juez de la causa.,355,recurso_narrativo,Recurso,propia,recurso de apelación y confirmó lo decidido por el juez de la causa.
343_p580,LibroVol343-1.md,ok,339,22442,recurso_narrativo,Recurso,propia,0,5,10,0,300,6,1431,recurso extraordinario (fs. 261/292) cuyo rechazo (fs. 303/304) originó,339,recurso_narrativo,Recurso,propia,recurso extraordinario (fs. 261/292) cuyo rechazo (fs. 303/304) originó
343_p1075,LibroVol343-2.md,ok,325,15562,recurso_narrativo,Recurso,propia,0,2,44,0,105,4,980,recurso de apelación ordinario en materia de extradición en atención,325,recurso_narrativo,Recurso,propia,recurso de apelación ordinario en materia de extradición en atención
343_p1218,LibroVol343-2.md,ok,432,21172,rotulo_pie,Parte actora,propia,0,10,15,0,268,6,1248,"parte actora, a fs. 267/279, cuya denegación motivó la presentación de",432,rotulo_pie,Parte actora,propia,"parte actora, a fs. 267/279, cuya denegación motivó la presentación de"
343_p1337,LibroVol343-2.md,ok,9,25324,pie_genuino,Parte actora,solo_pre_apertura,2,0,156,1,173,6,1365,Parte actora: Fundación Banco de Bosques para el Manejo Sustentable de los Re­,594,pie_genuino,Recurso,mixta,"Recurso de queja interpuesto por el Gobierno de la Ciudad de Buenos Aires, repre­"
343_p1457,LibroVol343-3.md,ok,3523,3585,recurso_narrativo,Recurso,mixta,1,9,1016,0,345,22,8088,recurso extraordinario por salto de instancia en los términos de los,3523,recurso_narrativo,Recurso,mixta,recurso extraordinario por salto de instancia en los términos de los
343_p1762,LibroVol343-3.md,ok,195,12113,recurso_narrativo,Recurso,propia,0,4,87,0,3,5,1338,recursos de apelación.,195,recurso_narrativo,Recurso,propia,recursos de apelación.
343_p1894,LibroVol343-3.md,ok,525,17422,recurso_narrativo,Recurso,propia,0,4,177,0,245,4,713,"recursos limitados para la satisfacción de necesidades ilimitadas, per­",525,recurso_narrativo,Recurso,propia,"recursos limitados para la satisfacción de necesidades ilimitadas, per­"
343_p2098,LibroVol343-3.md,ok,756,25568,recurso_narrativo,Recurso,propia,0,2,49,0,92,7,1627,"recurso extraordinario federal a fs. 8088/8103, contra la sentencia de la",756,recurso_narrativo,Recurso,propia,"recurso extraordinario federal a fs. 8088/8103, contra la sentencia de la"
343_p2184,LibroVol343-3.md,ok,626,28861,recurso_narrativo,Recurso,propia,0,5,12,0,314,9,2487,"recurso previsto en el art. 14 de la ley 48, debido a la posibilidad que",626,recurso_narrativo,Recurso,propia,"recurso previsto en el art. 14 de la ley 48, debido a la posibilidad que"
343_p2243,LibroVol343-3.md,ok,419,30969,recurso_narrativo,Recurso,propia,0,1,31,0,152,3,651,recurso extraordinario denegado se encuentran suficientemente re­,419,recurso_narrativo,Recurso,propia,recurso extraordinario denegado se encuentran suficientemente re­
343_p2280,LibroVol343-3.md,ok,1493,33533,recurso_narrativo,Recurso,propia,0,8,214,0,241,19,5760,recurso extraordinario de inaplicabilidad de ley en causa nº 43.787 y,1493,recurso_narrativo,Recurso,propia,recurso extraordinario de inaplicabilidad de ley en causa nº 43.787 y
344_p81,LibroVol344-1.md,ok,758,3997,recurso_narrativo,Recurso,propia,0,2,102,0,96,4,924,"recurso extraordinario, no basta la aserción de una determinada solu­",758,recurso_narrativo,Recurso,propia,"recurso extraordinario, no basta la aserción de una determinada solu­"
344_p102,LibroVol344-1.md,ok,529,4627,pie_genuino,Recurso,propia,0,6,9,0,91,3,533,"Recurso extraordinario y recurso de queja interpuestos por el Fisco Nacional, en am­",529,pie_genuino,Recurso,propia,"Recurso extraordinario y recurso de queja interpuestos por el Fisco Nacional, en am­"
344_p441,LibroVol344-1.md,ok,2042,19239,recurso_narrativo,Recurso,propia,0,9,13,0,153,4,700,"recurso extraordinario (cfr. fs. 655). No se afectan la identidad, edu­",2042,recurso_narrativo,Recurso,propia,"recurso extraordinario (cfr. fs. 655). No se afectan la identidad, edu­"
344_p809,LibroVol344-1.md,ok,3308,34660,rotulo_pie,Profesionales,propia,0,2,938,0,59,3,754,"profesionales; y promover el progreso económico, el desarrollo hu­",3308,rotulo_pie,Profesionales,propia,"profesionales; y promover el progreso económico, el desarrollo hu­"
344_p1013,LibroVol344-1.md,ok,370,39686,recurso_narrativo,Recurso,propia,0,6,151,0,363,4,1170,recurso.,370,recurso_narrativo,Recurso,propia,recurso.
344_p1033,LibroVol344-1.md,ok,211,40299,rotulo_pie,Parte demandada,propia,0,1,40,0,359,4,942,parte demandada acompañó copia certificada del expediente adminis­,211,rotulo_pie,Parte demandada,propia,parte demandada acompañó copia certificada del expediente adminis­
344_p1082,LibroVol344-1.md,ok,495,42416,recurso_narrativo,Recurso,propia,0,3,118,0,183,7,2195,"recurso de apelación ordinario (fs. 480/481) que, concedido (fs. 482), fue",495,recurso_narrativo,Recurso,propia,"recurso de apelación ordinario (fs. 480/481) que, concedido (fs. 482), fue"
344_p1102,LibroVol344-1.md,ok,1236,43971,recurso_narrativo,Recurso,propia,0,7,304,0,228,3,908,recurso de queja.,1236,recurso_narrativo,Recurso,propia,recurso de queja.
344_p1137,LibroVol344-1.md,ok,1,44127,pie_genuino,Recurso,solo_pre_apertura,1,0,62,1,187,3,582,Recurso de queja interpuesto por el Consejo de Defensores de la Provincia de Bue­,186,pie_genuino,Parte actora,mixta,"Parte actora: Dres. Carlos Roberto Lee y Fabrizio Villaggi Nicora, en defensa de los"
344_p1657,LibroVol344-2.md,ok,589,16166,recurso_narrativo,Recurso,propia,0,5,90,0,356,5,1226,recurso extraordinario cuya denegación origina la presente queja.,589,recurso_narrativo,Recurso,propia,recurso extraordinario cuya denegación origina la presente queja.
344_p1716,LibroVol344-2.md,ok,693,18608,pie_genuino,Recurso,propia,0,2,151,0,178,2,526,recursos interpuestos por las defensas respecto de resoluciones que,693,pie_genuino,Recurso,propia,recursos interpuestos por las defensas respecto de resoluciones que
344_p1857,LibroVol344-2.md,ok,848,24230,recurso_narrativo,Recurso,propia,0,2,133,0,236,8,2093,"recursos concedidos, que determinan el ámbito de su facultad deci­",848,recurso_narrativo,Recurso,propia,"recursos concedidos, que determinan el ámbito de su facultad deci­"
344_p2175,LibroVol344-2.md,ok,2464,38129,recurso_narrativo,Recurso,mixta,1,9,425,0,133,17,5790,"recurso extraordinario, pto. 4.1.2., fs. 1586 vta., 1º párr.). El 9 de mayo",2464,recurso_narrativo,Recurso,mixta,"recurso extraordinario, pto. 4.1.2., fs. 1586 vta., 1º párr.). El 9 de mayo"
344_p2573,LibroVol344-2.md,ok,164,51550,recurso_narrativo,Recurso,propia,0,4,82,0,129,5,1171,recurso de apelación no era el ámbito en el cual podía plantearse la in­,164,recurso_narrativo,Recurso,propia,recurso de apelación no era el ámbito en el cual podía plantearse la in­
344_p2601,LibroVol344-2.md,ok,575,53020,recurso_narrativo,Recurso,propia,0,6,252,0,392,14,4111,"recurso extraordinario (fs. 324/332), que fue concedido en orden a la",575,recurso_narrativo,Recurso,propia,"recurso extraordinario (fs. 324/332), que fue concedido en orden a la"
344_p2629,LibroVol344-3.md,ok,299,350,recurso_narrativo,Recurso,propia,0,2,50,0,175,4,926,recurso de apelación planteado por este contra la decisión de primera,299,recurso_narrativo,Recurso,propia,recurso de apelación planteado por este contra la decisión de primera
344_p2690,LibroVol344-3.md,ok,682,3095,recurso_narrativo,Recurso,propia,0,1,247,0,70,10,2393,recurso extraordinario. 2) Confirmar la sentencia apelada en cuanto,682,recurso_narrativo,Recurso,propia,recurso extraordinario. 2) Confirmar la sentencia apelada en cuanto
344_p2728,LibroVol344-3.md,ok,694,4629,recurso_narrativo,Recurso,propia,0,6,150,0,239,9,2294,recurso de hecho.,694,recurso_narrativo,Recurso,propia,recurso de hecho.
344_p2811,LibroVol344-3.md,ok,514,7689,rotulo_pie,Profesionales,propia,0,6,1,0,315,5,1796,"profesionales. En un sentido opuesto, y con sustento en los ar­",514,rotulo_pie,Profesionales,propia,"profesionales. En un sentido opuesto, y con sustento en los ar­"
344_p2922,LibroVol344-3.md,ok,817,12410,recurso_narrativo,Recurso,propia,0,4,125,0,42,7,1794,"recursos naturales, en tanto Pascua Lama es un proyecto minero bina­",817,recurso_narrativo,Recurso,propia,"recursos naturales, en tanto Pascua Lama es un proyecto minero bina­"
344_p2991,LibroVol344-3.md,ok,505,14877,recurso_narrativo,Recurso,propia,0,4,101,0,222,3,678,"recurso extraordinario un importe de US$ 171,79 por metro cuadrado,",505,recurso_narrativo,Recurso,propia,"recurso extraordinario un importe de US$ 171,79 por metro cuadrado,"
344_p3057,LibroVol344-3.md,ok,391,17332,recurso_narrativo,Recurso,propia,0,5,124,0,219,5,748,recurso extraordinario se alega conjuntamente la causa de arbitra­,391,recurso_narrativo,Recurso,propia,recurso extraordinario se alega conjuntamente la causa de arbitra­
344_p3156,LibroVol344-3.md,ok,1622,22441,recurso_narrativo,Recurso,propia,0,1,235,0,343,14,4490,"recursos de la seguridad social que ascendía a un 400%, el Congreso",1622,recurso_narrativo,Recurso,propia,"recursos de la seguridad social que ascendía a un 400%, el Congreso"
344_p3230,LibroVol344-3.md,ok,490,24310,rotulo_pie,Profesionales,propia,0,7,153,0,276,7,2160,"profesionales del derecho, y que los actores presentaron recursos con­",490,rotulo_pie,Profesionales,propia,"profesionales del derecho, y que los actores presentaron recursos con­"
344_p3345,LibroVol344-3.md,ok,514,28804,recurso_narrativo,Recurso,propia,0,5,208,0,334,12,3788,"recurso extraordinario (fs. 734/745), cuya denegación (fs. 764) motivó",514,recurso_narrativo,Recurso,propia,"recurso extraordinario (fs. 734/745), cuya denegación (fs. 764) motivó"
344_p3418,LibroVol344-3.md,ok,395,31561,recurso_narrativo,Recurso,propia,0,6,22,0,247,5,1194,recurso extraordinario han sido objeto de adecuado tratamiento en el,395,recurso_narrativo,Recurso,propia,recurso extraordinario han sido objeto de adecuado tratamiento en el
344_p3476,LibroVol344-3.md,ok,2119,35492,rotulo_pie,Parte actora,propia,0,4,479,0,219,15,5554,"parte actora ha demostrado con contundencia que, mientras estuvie­",2119,rotulo_pie,Parte actora,propia,"parte actora ha demostrado con contundencia que, mientras estuvie­"
344_p3711,LibroVol344-3.md,ok,188,42605,recurso_narrativo,Recurso,propia,0,4,16,0,257,6,1528,recursos se encuentran destinados a la atención de las necesidades de,188,recurso_narrativo,Recurso,propia,recursos se encuentran destinados a la atención de las necesidades de
344_p3782,LibroVol344-3.md,ok,339,45522,pie_genuino,Recurso,propia,0,6,147,0,58,5,698,"Recurso de queja interpuesto por Horacio Pedro Diez, asistido por los Dres. Federico",339,pie_genuino,Recurso,propia,"Recurso de queja interpuesto por Horacio Pedro Diez, asistido por los Dres. Federico"
345_p417,LibroVol345-1.md,ok,92,15962,recurso_narrativo,Recurso,propia,0,4,1,0,268,5,1145,recurso extraordinario federal en el que sostiene que se ha violado el,92,recurso_narrativo,Recurso,propia,recurso extraordinario federal en el que sostiene que se ha violado el
345_p440,LibroVol345-1.md,ok,774,17487,recurso_narrativo,Recurso,propia,0,1,267,0,295,18,6590,"Recurso Extraordinario”, Nerva ediciones de derecho y economía,",774,recurso_narrativo,Recurso,propia,"Recurso Extraordinario”, Nerva ediciones de derecho y economía,"
345_p482,LibroVol345-1.md,ok,1370,19739,recurso_narrativo,Recurso,propia,0,1,327,0,280,9,2698,recurso extraordinario).,1370,recurso_narrativo,Recurso,propia,recurso extraordinario).
345_p647,LibroVol345-1.md,ok,493,25244,recurso_narrativo,Recurso,propia,0,4,143,0,348,11,2586,"recurso de revisión con fundamento en el artículo 514, inciso 6°, del",493,recurso_narrativo,Recurso,propia,"recurso de revisión con fundamento en el artículo 514, inciso 6°, del"
345_p801,LibroVol345-1.md,ok,876,31606,recurso_narrativo,Recurso,propia,0,4,233,0,178,13,3722,"recursos vigente a la sanción de esta reforma”, se refiere a la relación",876,recurso_narrativo,Recurso,propia,"recursos vigente a la sanción de esta reforma”, se refiere a la relación"
345_p905,LibroVol345-2.md,ok,6,995,pie_genuino,Recurso,solo_pre_apertura,1,0,167,1,127,6,1458,"Recurso de queja interpuesto por Domingo Avelino González, parte actora, represen­",706,pie_genuino,Recurso,mixta,"Recurso de queja interpuesto por A. C. G., actora en autos, representada por el Dr."
345_p1210,LibroVol345-2.md,ok,280,13018,recurso_narrativo,Recurso,propia,0,7,68,0,172,4,720,recurso extraordinario cuya denegación dio origen a la presente queja,280,recurso_narrativo,Recurso,propia,recurso extraordinario cuya denegación dio origen a la presente queja
345_p1549,LibroVol345-2.md,ok,242,26070,pie_genuino,Recurso,propia,0,6,0,0,108,5,1283,Recurso extraordinario interpuesto por la Fiscalía de Estado de la Provincia de Bue­,242,pie_genuino,Recurso,propia,Recurso extraordinario interpuesto por la Fiscalía de Estado de la Provincia de Bue­
346_p84,LibroVol346-1.md,ok,91,3347,recurso_narrativo,Recurso,solo_pre_apertura,1,0,146,1,296,9,1667,RECURSO EXTRAORDINARIO,356,recurso_narrativo,Recurso,solo_pre_apertura,"recurso judicial directo); tampoco por el Poder Judicial de la Nación, lo"
346_p391,LibroVol346-1.md,ok,404,15481,recurso_narrativo,Recurso,propia,0,4,93,0,243,4,594,recurso extraordinario solo cuando se acredite la violación del debido,404,recurso_narrativo,Recurso,propia,recurso extraordinario solo cuando se acredite la violación del debido
346_p580,LibroVol346-1.md,ok,629,23145,rotulo_pie,Parte actora,propia,0,7,12,0,162,10,2642,"parte actora, cuya denegación motivó la presente queja.",629,rotulo_pie,Parte actora,propia,"parte actora, cuya denegación motivó la presente queja."
346_p776,LibroVol346-2.md,ok,884,1288,recurso_narrativo,Recurso,propia,0,4,138,0,39,5,944,recursos más poderosos para preservar la existencia de la Nación”,884,recurso_narrativo,Recurso,propia,recursos más poderosos para preservar la existencia de la Nación”
346_p821,LibroVol346-2.md,ok,397,2526,recurso_narrativo,Recurso,propia,0,1,54,0,405,4,1047,"recursos marinos de nuestro país, con especial referencia a la situa­",397,recurso_narrativo,Recurso,propia,"recursos marinos de nuestro país, con especial referencia a la situa­"
346_p970,LibroVol346-2.md,ok,1426,9305,recurso_narrativo,Recurso,propia,0,11,150,0,147,11,3426,recurso extraordinario que luego de diversas vicisitudes procesales,1426,recurso_narrativo,Recurso,propia,recurso extraordinario que luego de diversas vicisitudes procesales
346_p1039,LibroVol346-2.md,ok,754,11340,recurso_narrativo,Recurso,propia,0,4,31,0,58,6,1671,recursos extraordinarios que fueron concedidos en cuanto se discu­,754,recurso_narrativo,Recurso,propia,recursos extraordinarios que fueron concedidos en cuanto se discu­
346_p1159,LibroVol346-2.md,ok,513,15657,recurso_narrativo,Recurso,propia,0,5,37,0,78,5,1011,"recurso judicial interpuesto y, en consecuencia, declaró nulas de nuli­",513,recurso_narrativo,Recurso,propia,"recurso judicial interpuesto y, en consecuencia, declaró nulas de nuli­"
346_p1426,LibroVol346-2.md,ok,530,25901,rotulo_pie,Parte actora,propia,0,7,160,0,10,8,2281,"parte actora, fue denegado. Ello motivó la presentación directa ante",530,rotulo_pie,Parte actora,propia,"parte actora, fue denegado. Ello motivó la presentación directa ante"
346_p1471,LibroVol346-2.md,ok,140,27166,recurso_narrativo,Recurso,propia,0,1,0,0,88,5,1334,"recurso de reconsideración interpuesto contra el acto del 26 de mayo,",140,recurso_narrativo,Recurso,propia,"recurso de reconsideración interpuesto contra el acto del 26 de mayo,"
346_p1538,LibroVol346-2.md,ok,139,29817,recurso_narrativo,Recurso,propia,0,4,13,0,103,4,729,recursos deducidos ante los tribunales locales no justifican el otorga­,139,recurso_narrativo,Recurso,propia,recursos deducidos ante los tribunales locales no justifican el otorga­
346_p1564,LibroVol346-2.md,ok,184,30777,pie_genuino,Recurso,propia,0,2,0,0,50,10,2601,"Recurso de queja interpuesto por Gerardo Ramón González, actor en autos, repre­",184,pie_genuino,Recurso,propia,"Recurso de queja interpuesto por Gerardo Ramón González, actor en autos, repre­"
347_p520,LibroVol347-1.md,ok,264,20369,recurso_narrativo,Recurso,propia,0,1,77,0,155,5,1690,recursos en los términos del último párrafo del apartado c del artículo,264,recurso_narrativo,Recurso,propia,recursos en los términos del último párrafo del apartado c del artículo
347_p688,LibroVol347-1.md,ok,744,27250,recurso_narrativo,Recurso,propia,0,4,170,0,245,9,2536,"recurso de inconstitucionalidad, que fue rechazado por la Sala Prime­",744,recurso_narrativo,Recurso,propia,"recurso de inconstitucionalidad, que fue rechazado por la Sala Prime­"
347_p863,LibroVol347-1.md,ok,206,33432,recurso_narrativo,Recurso,solo_pre_apertura,1,0,82,0,249,8,2742,"recurso de casación en el que, entre otros agravios, criticó la funda­",206,recurso_narrativo,Recurso,solo_pre_apertura,"recurso de casación en el que, entre otros agravios, criticó la funda­"
347_p917,LibroVol347-1.md,ok,174,35462,recurso_narrativo,Recurso,propia,0,6,58,0,12,5,1036,recurso alguno contra el acto de expulsión. No analizó el planteo del,174,recurso_narrativo,Recurso,propia,recurso alguno contra el acto de expulsión. No analizó el planteo del
347_p971,LibroVol347-1.md,ok,496,37841,rotulo_pie,Tribunal de origen,propia,0,3,28,0,39,10,3028,"tribunal de origen a fin de que, por quien corresponda, dicte un nuevo",496,rotulo_pie,Tribunal de origen,propia,"tribunal de origen a fin de que, por quien corresponda, dicte un nuevo"
347_p1046,LibroVol347-1.md,ok,299,40558,recurso_narrativo,Recurso,propia,0,5,18,0,268,6,1719,recursos extraordinarios locales de inconstitucionalidad y de casación.,299,recurso_narrativo,Recurso,propia,recursos extraordinarios locales de inconstitucionalidad y de casación.
347_p1230,LibroVol347-2.md,ok,54,2122,recurso_narrativo,Recurso,propia,0,1,14,0,87,4,786,"recurso extraordinario, que fue parcialmente concedido por hallarse",54,recurso_narrativo,Recurso,propia,"recurso extraordinario, que fue parcialmente concedido por hallarse"
347_p1288,LibroVol347-2.md,ok,161,4481,rotulo_pie,Profesionales,mixta,1,1,108,0,140,23,7553,profesionales relativos a entes domiciliados en la Provincia de Buenos,161,rotulo_pie,Profesionales,mixta,profesionales relativos a entes domiciliados en la Provincia de Buenos
347_p1446,LibroVol347-2.md,ok,300,10753,recurso_narrativo,Recurso,propia,0,4,112,0,215,4,815,"recurso extraordinario sobre la base de la doctrina de la arbitrariedad,",300,recurso_narrativo,Recurso,propia,"recurso extraordinario sobre la base de la doctrina de la arbitrariedad,"
347_p1476,LibroVol347-2.md,ok,544,12114,recurso_narrativo,Recurso,propia,0,8,15,0,364,3,661,recurso de queja resulta definitoria para impedir que el Tribunal,544,recurso_narrativo,Recurso,propia,recurso de queja resulta definitoria para impedir que el Tribunal
347_p1527,LibroVol347-2.md,ok,898,14472,recurso_narrativo,Recurso,propia,0,4,446,0,52,20,6342,recursos extraordinarios interpuestos resultan inadmisibles en cuan­,898,recurso_narrativo,Recurso,propia,recursos extraordinarios interpuestos resultan inadmisibles en cuan­
347_p1737,LibroVol347-2.md,ok,292,22046,recurso_narrativo,Recurso,propia,0,3,11,0,64,13,4111,"recursos extraordinarios que, por mayoría, fueron concedidos por",292,recurso_narrativo,Recurso,propia,"recursos extraordinarios que, por mayoría, fueron concedidos por"
347_p1807,LibroVol347-2.md,ok,86,24527,recurso_narrativo,Recurso,propia,0,1,44,0,342,3,788,recurso extraordinario federal cuya denegación motivó la presente,86,recurso_narrativo,Recurso,propia,recurso extraordinario federal cuya denegación motivó la presente
347_p2160,LibroVol347-2.md,ok,410,38724,recurso_narrativo,Recurso,propia,0,2,87,0,343,8,2540,"recurso de casación local y confirmó, por otros fundamentos, lo que ha­",410,recurso_narrativo,Recurso,propia,"recurso de casación local y confirmó, por otros fundamentos, lo que ha­"
347_p2177,LibroVol347-2.md,ok,203,39193,recurso_narrativo,Recurso,propia,0,3,49,0,299,4,854,"recurso extraordinario cuya denegación motiva esta queja, en el que",203,recurso_narrativo,Recurso,propia,"recurso extraordinario cuya denegación motiva esta queja, en el que"
347_p2242,LibroVol347-2.md,ok,817,42338,recurso_narrativo,Recurso,propia,0,4,44,0,147,9,2430,recurso jerárquico presentado contra aquellas decisiones.,817,recurso_narrativo,Recurso,propia,recurso jerárquico presentado contra aquellas decisiones.
347_p2286,LibroVol347-2.md,ok,542,43825,recurso_narrativo,Recurso,propia,0,1,161,0,95,12,3730,recurso extraordinario federal que fue denegado -con fundamento en,542,recurso_narrativo,Recurso,propia,recurso extraordinario federal que fue denegado -con fundamento en
347_p2324,LibroVol347-2.md,ok,215,44987,pie_genuino,Recurso,solo_pre_apertura,1,0,81,0,122,5,1266,recursos deducidos por ante los tribunales provinciales no justifican,215,pie_genuino,Recurso,solo_pre_apertura,recursos deducidos por ante los tribunales provinciales no justifican
347_p2334,LibroVol347-2.md,ok,220,45393,rotulo_pie,Parte actora,propia,0,7,85,0,248,8,2139,parte actora es formalmente admisible toda vez que se ha cuestionado,220,rotulo_pie,Parte actora,propia,parte actora es formalmente admisible toda vez que se ha cuestionado
347_p2352,LibroVol347-2.md,ok,288,46151,pie_genuino,Recurso,propia,0,3,53,0,111,4,532,Recurso extraordinario interpuesto por la Administración Federal de Ingresos Pú­,288,pie_genuino,Recurso,propia,Recurso extraordinario interpuesto por la Administración Federal de Ingresos Pú­
348_p113,LibroVol348-1.md,ok,1293,5497,recurso_narrativo,Recurso,propia,0,8,69,0,35,13,4026,"recurso extraordinario, que fue concedido. Argumentó que resultaba",1293,recurso_narrativo,Recurso,propia,"recurso extraordinario, que fue concedido. Argumentó que resultaba"
348_p267,LibroVol348-1.md,ok,148,10394,recurso_narrativo,Recurso,propia,0,4,15,0,21,5,699,"recurso extraordinario que, luego de sustanciado, fue rechazado",148,recurso_narrativo,Recurso,propia,"recurso extraordinario que, luego de sustanciado, fue rechazado"
348_p443,LibroVol348-1.md,ok,149,17033,recurso_narrativo,Recurso,propia,0,1,76,0,181,6,1825,"recurso y comienza la revisión. Si no está bien la queja, queda firme.",149,recurso_narrativo,Recurso,propia,"recurso y comienza la revisión. Si no está bien la queja, queda firme."
348_p534,LibroVol348-1.md,ok,610,21045,recurso_narrativo,Recurso,propia,0,4,169,0,96,8,2469,recurso del artículo 14 de la ley 48. Ello es así toda vez que lo decidido,610,recurso_narrativo,Recurso,propia,recurso del artículo 14 de la ley 48. Ello es así toda vez que lo decidido
348_p879,LibroVol348-1.md,ok,173,34012,recurso_narrativo,Recurso,propia,0,8,79,0,403,3,642,recurso de revocatoria y la rechazó con remisión a los fundamentos,173,recurso_narrativo,Recurso,propia,recurso de revocatoria y la rechazó con remisión a los fundamentos
348_p1286,LibroVol348-1.md,ok,531,50110,recurso_narrativo,Recurso,propia,0,4,232,0,53,18,6569,recurso de queja. Se agravia de que la sentencia apelada la obliga a,531,recurso_narrativo,Recurso,propia,recurso de queja. Se agravia de que la sentencia apelada la obliga a
348_p1383,LibroVol348-1.md,ok,876,54278,rotulo_pie,Parte actora,propia,0,2,89,0,227,9,2704,"parte actora e hizo lugar, en forma parcial, a la acción entablada por",876,rotulo_pie,Parte actora,propia,"parte actora e hizo lugar, en forma parcial, a la acción entablada por"
348_p1796,LibroVol348-1.md,ok,418,69800,pie_genuino,Recurso,propia,0,2,25,0,32,7,1474,"Recurso extraordinario interpuesto por Javier Gustavo Sánchez, parte actora, repre­",418,pie_genuino,Recurso,propia,"Recurso extraordinario interpuesto por Javier Gustavo Sánchez, parte actora, repre­"
349_p40,LibroVol349-1.md,ok,78,1593,pie_genuino,Recurso,propia,0,2,20,0,48,9,1928,"Recurso de queja interpuesto por MTV Networks Argentina S.R.L., demandada en",78,pie_genuino,Recurso,propia,"Recurso de queja interpuesto por MTV Networks Argentina S.R.L., demandada en"
349_p107,LibroVol349-1.md,ok,739,4763,recurso_narrativo,Recurso,propia,0,6,16,0,96,8,1922,recurso extraordinario).,739,recurso_narrativo,Recurso,propia,recurso extraordinario).
349_p166,LibroVol349-1.md,ok,542,6873,recurso_narrativo,Recurso,propia,0,1,338,0,436,9,3366,recurso bajo examen se presentó en el marco de una información su­,542,recurso_narrativo,Recurso,propia,recurso bajo examen se presentó en el marco de una información su­
